match_id,season,date,round,round_name,referee,home_team,away_team,home_score,away_score,home_shots,away_shots,home_shots_on_target,away_shots_on_target,home_shots_off_target,away_shots_off_target,home_shots_blocked,away_shots_blocked,home_corners,away_corners,home_fouls,away_fouls,home_yellow,away_yellow,home_red,away_red,home_possession,away_possession,home_passes,away_passes,home_passes_accurate,away_passes_accurate,home_tackles,away_tackles,home_tackles_won,away_tackles_won,home_saves,away_saves,home_offsides,away_offsides,home_clearances,away_clearances,home_fouls_won,away_fouls_won,home_assists,away_assists,home_big_chances_missed,away_big_chances_missed,home_formation,away_formation,attendance,status
saison-2025-2026-jupiler-pro-league-1-royal-antwerp-fc-vs-union-sg,2025/26,2025-07-25,1,Journée 1,Erik Lambrechts,Royal Antwerp FC,Royale Union St-Gilloise,1,1,8,17,4,8,3,7,1,2,2,5,9,16,3,3,,,42.8,57.2,344,458,265,381,21,24,11,16,6,3,5,1,25,28,16,8,,1,1,2,3412,3421,,FullTime
saison-2025-2026-jupiler-pro-league-1-fcv-dender-eh-vs-cercle-brugge,2025/26,2025-07-26,1,Journée 1,Michiel Allaerts,Dender EH,Cercle Brugge KSV,0,0,11,10,3,2,6,6,2,2,3,3,13,13,,2,,,54,46,383,326,273,222,18,18,12,8,2,3,4,4,32,27,11,13,,,3,3,3142,442,,FullTime
saison-2025-2026-jupiler-pro-league-1-raal-la-louviere-vs-standard-de-liege,2025/26,2025-07-26,1,Journée 1,Lawrence Visser,RAAL La Louvière,Standard de Liège,0,2,14,9,2,4,6,3,6,2,6,1,15,12,2,1,,,44.5,55.5,351,462,267,383,11,20,6,12,2,2,1,2,20,63,12,12,,,1,,343,4231,,FullTime
saison-2025-2026-jupiler-pro-league-1-sv-zulte-waregem-vs-kv-mechelen,2025/26,2025-07-26,1,Journée 1,Kevin van Damme,SV Zulte Waregem,KV Mechelen,1,1,21,7,5,2,7,3,9,2,9,6,8,8,3,3,,,56,44,524,413,452,349,19,19,10,9,1,4,,,21,40,8,8,,1,1,,4231,3412,,FullTime
saison-2025-2026-jupiler-pro-league-1-club-brugge-vs-krc-genk,2025/26,2025-07-27,1,Journée 1,Jasper Vergoote,Club Brugge,KRC Genk,2,1,18,17,4,10,8,6,6,1,8,6,10,7,1,2,1,,56.2,43.8,508,396,430,329,13,21,7,15,8,2,2,,18,35,7,10,1,1,2,5,433,4231,,FullTime
saison-2025-2026-jupiler-pro-league-1-oh-leuven-vs-sporting-charleroi,2025/26,2025-07-27,1,Journée 1,Nathan Verboomen,OH Leuven,Sporting de Charleroi,2,2,7,16,3,9,3,5,1,2,4,8,15,14,2,2,,,44.3,55.7,341,419,263,344,17,15,11,8,6,1,2,5,36,23,13,12,2,,2,2,4231,4231,,FullTime
saison-2025-2026-jupiler-pro-league-1-rsc-anderlecht-vs-kvc-westerlo,2025/26,2025-07-27,1,Journée 1,Simon Bourdeaud'hui,Royal Sporting Club Anderlecht,KVC Westerlo,5,2,25,10,10,4,7,2,8,4,8,3,14,14,4,2,,,48.1,51.9,378,422,315,339,18,19,13,8,1,5,5,,20,25,12,12,3,2,1,1,4231,4231,,FullTime
saison-2025-2026-jupiler-pro-league-1-stvv-vs-kaa-gent,2025/26,2025-07-27,1,Journée 1,Bert Put,STVV,KAA Gent,3,1,13,12,5,2,6,2,2,8,4,6,13,10,1,1,,,47.9,52.1,408,439,316,341,22,11,13,10,1,3,,4,30,15,9,12,2,,2,,4231,442,,FullTime
saison-2025-2026-jupiler-pro-league-2-kv-mechelen-vs-club-brugge,2025/26,2025-08-01,2,Journée 2,Erik Lambrechts,KV Mechelen,Club Brugge,2,1,9,20,5,6,2,9,2,5,3,3,11,7,4,,,,34.5,65.5,343,649,283,587,5,13,3,7,5,3,1,1,29,11,5,11,1,1,2,5,3412,433,,FullTime
saison-2025-2026-jupiler-pro-league-2-kaa-gent-vs-raal-la-louviere,2025/26,2025-08-02,2,Journée 2,Nathan Verboomen,KAA Gent,RAAL La Louvière,1,0,11,5,6,1,3,4,2,,5,2,12,19,,1,,,77.5,22.5,640,185,547,96,10,16,6,9,1,5,3,,25,42,17,10,,,2,1,442,343,,FullTime
saison-2025-2026-jupiler-pro-league-2-kvc-westerlo-vs-sv-zulte-waregem,2025/26,2025-08-02,2,Journée 2,Bert Verbeke,KVC Westerlo,SV Zulte Waregem,3,1,13,12,7,4,3,5,3,3,3,5,7,10,1,1,,,47.8,52.2,416,459,340,395,18,11,12,5,3,2,,1,25,31,9,7,2,1,2,1,4231,4231,,FullTime
saison-2025-2026-jupiler-pro-league-2-standard-de-liege-vs-fcv-dender-eh,2025/26,2025-08-02,2,Journée 2,Simon Bourdeaud'hui,Standard de Liège,Dender EH,1,1,10,9,6,2,3,5,1,2,5,1,11,13,3,3,,,46.4,53.6,439,520,356,420,10,16,3,10,1,5,1,,21,22,11,10,1,1,1,,4231,343,,FullTime
saison-2025-2026-jupiler-pro-league-2-cercle-brugge-vs-rsc-anderlecht,2025/26,2025-08-03,2,Journée 2,Wesli De Cremer,Cercle Brugge KSV,Royal Sporting Club Anderlecht,0,2,12,9,2,5,5,3,5,1,5,3,7,21,2,2,,,53.8,46.2,449,392,364,290,15,22,8,16,2,2,2,2,25,26,21,7,,1,,1,442,4231,,FullTime
saison-2025-2026-jupiler-pro-league-2-krc-genk-vs-royal-antwerp-fc,2025/26,2025-08-03,2,Journée 2,Lawrence Visser,KRC Genk,Royal Antwerp FC,1,1,16,6,3,5,9,,4,1,4,2,11,10,,2,,,72.9,27.1,709,255,643,187,17,14,10,8,4,2,,1,23,39,7,10,1,1,1,,4231,532,,FullTime
saison-2025-2026-jupiler-pro-league-2-sporting-charleroi-vs-stvv,2025/26,2025-08-03,2,Journée 2,Kevin van Damme,Sporting de Charleroi,STVV,1,1,4,14,2,4,,5,2,5,1,7,18,14,3,1,1,,36.8,63.2,253,418,175,348,20,12,12,5,3,1,1,1,37,17,14,17,,,,,4231,4231,,FullTime
saison-2025-2026-jupiler-pro-league-2-union-sg-vs-oh-leuven,2025/26,2025-08-03,2,Journée 2,Jan Boterberg,Royale Union St-Gilloise,OH Leuven,5,0,18,6,10,,5,3,3,3,4,7,12,9,1,2,,,52.1,47.9,350,318,286,247,28,26,18,19,,5,4,1,28,29,9,11,4,,1,,3412,4231,,FullTime
saison-2025-2026-jupiler-pro-league-3-stvv-vs-fcv-dender-eh,2025/26,2025-08-08,3,Journée 3,Massimiliano Ledda,STVV,Dender EH,2,0,14,6,3,2,8,1,3,3,4,2,18,7,3,,,1,52.1,47.9,472,442,383,341,12,16,7,7,2,1,5,4,19,30,7,17,1,,5,1,4231,352,,FullTime
saison-2025-2026-jupiler-pro-league-3-club-brugge-vs-cercle-brugge,2025/26,2025-08-09,3,Journée 3,Lothar D'Hondt,Club Brugge,Cercle Brugge KSV,2,0,14,11,5,2,4,8,5,1,9,5,15,11,2,3,,1,65.3,34.7,527,274,459,210,12,12,7,8,2,3,3,1,23,32,8,15,,,1,3,4231,442,,FullTime
saison-2025-2026-jupiler-pro-league-3-kaa-gent-vs-union-sg,2025/26,2025-08-09,3,Journée 3,Jasper Vergoote,KAA Gent,Royale Union St-Gilloise,2,3,20,12,6,8,12,3,2,1,5,10,11,10,1,4,,,47.7,52.3,367,414,292,317,15,18,10,15,5,4,3,5,36,28,10,11,2,2,1,5,352,3412,,FullTime
saison-2025-2026-jupiler-pro-league-3-kvc-westerlo-vs-kv-mechelen,2025/26,2025-08-09,3,Journée 3,Michiel Allaerts,KVC Westerlo,KV Mechelen,0,1,18,5,2,3,10,2,6,,8,5,9,7,1,1,,,47.4,52.6,379,428,311,358,19,17,15,12,2,2,,2,39,37,6,8,,1,4,,4231,3142,,FullTime
saison-2025-2026-jupiler-pro-league-3-raal-la-louviere-vs-sporting-charleroi,2025/26,2025-08-10,3,Journée 3,Nicolas Laforge,RAAL La Louvière,Sporting de Charleroi,1,0,11,15,2,4,7,6,2,5,4,3,11,11,3,,,,32.4,67.6,226,490,156,414,18,25,15,14,4,2,3,1,30,25,9,10,,,3,1,532,4231,,FullTime
saison-2025-2026-jupiler-pro-league-3-royal-antwerp-fc-vs-oh-leuven,2025/26,2025-08-10,3,Journée 3,Wesli De Cremer,Royal Antwerp FC,OH Leuven,3,1,12,5,4,1,3,,5,4,5,3,8,21,3,3,,1,61.5,38.5,463,279,402,216,11,20,5,15,,1,5,2,30,25,19,8,1,1,,,352,3412,,FullTime
saison-2025-2026-jupiler-pro-league-3-rsc-anderlecht-vs-sv-zulte-waregem,2025/26,2025-08-10,3,Journée 3,Bert Put,Royal Sporting Club Anderlecht,SV Zulte Waregem,2,3,20,9,7,6,9,,4,3,6,5,11,11,,3,,,70.8,29.2,564,238,493,168,24,25,13,16,3,6,,2,14,36,10,10,,2,2,2,4222,3412,,FullTime
saison-2025-2026-jupiler-pro-league-3-standard-de-liege-vs-krc-genk,2025/26,2025-08-10,3,Journée 3,Nathan Verboomen,Standard de Liège,KRC Genk,2,1,6,20,5,5,,7,1,8,2,6,11,16,4,3,,,23.5,76.5,196,637,134,575,17,14,8,8,4,3,4,,43,12,16,11,1,1,2,3,4231,4231,,FullTime
saison-2025-2026-jupiler-pro-league-4-oh-leuven-vs-krc-genk,2025/26,2025-08-15,4,Journée 4,Lothar D'Hondt,OH Leuven,KRC Genk,1,2,22,15,7,7,8,5,7,3,6,6,16,10,2,2,,,38.9,61.1,294,485,220,412,19,18,11,8,5,6,2,2,16,44,9,15,,2,3,1,532,4231,,FullTime
saison-2025-2026-jupiler-pro-league-4-kv-mechelen-vs-kaa-gent,2025/26,2025-08-16,4,Journée 4,Nicolas Laforge,KV Mechelen,KAA Gent,1,1,6,23,3,11,3,5,,7,2,11,9,9,2,1,,,37.4,62.6,345,567,261,492,17,10,7,8,10,2,2,,29,15,9,9,1,1,2,2,3412,352,,FullTime
saison-2025-2026-jupiler-pro-league-4-sv-zulte-waregem-vs-club-brugge,2025/26,2025-08-16,4,Journée 4,Jan Boterberg,SV Zulte Waregem,Club Brugge,0,1,5,18,1,4,1,7,3,7,3,9,9,9,1,2,,,32.3,67.7,310,631,226,551,14,11,8,7,2,2,,1,37,15,9,8,,1,,2,532,4231,,FullTime
saison-2025-2026-jupiler-pro-league-4-union-sg-vs-standard-de-liege,2025/26,2025-08-16,4,Journée 4,Bram van Driessche,Royale Union St-Gilloise,Standard de Liège,3,0,23,4,10,1,6,2,7,1,12,1,13,6,1,,,1,69.9,30.1,614,269,545,203,17,13,9,8,2,7,4,1,12,34,6,13,2,,3,2,3412,3142,,FullTime
saison-2025-2026-jupiler-pro-league-4-cercle-brugge-vs-kvc-westerlo,2025/26,2025-08-17,4,Journée 4,Anthony Letellier,Cercle Brugge KSV,KVC Westerlo,4,1,12,25,7,6,3,15,2,4,1,11,10,16,,1,,,46.6,53.4,335,378,258,269,30,26,22,15,5,3,3,,45,13,16,8,4,1,1,,442,4231,,FullTime
saison-2025-2026-jupiler-pro-league-4-fcv-dender-eh-vs-rsc-anderlecht,2025/26,2025-08-17,4,Journée 4,Lawrence Visser,Dender EH,Royal Sporting Club Anderlecht,0,2,8,17,4,5,3,11,1,1,2,7,7,12,1,1,,,40.8,59.2,360,528,279,445,20,14,15,9,3,4,2,,26,28,12,7,,2,1,1,532,4231,,FullTime
saison-2025-2026-jupiler-pro-league-4-sporting-charleroi-vs-royal-antwerp-fc,2025/26,2025-08-17,4,Journée 4,Simon Bourdeaud'hui,Sporting de Charleroi,Royal Antwerp FC,1,1,13,10,4,5,4,3,5,2,4,1,18,17,3,3,,,51.5,48.5,363,345,288,278,6,17,4,8,4,3,1,3,25,37,17,18,1,1,,,433,3142,,FullTime
saison-2025-2026-jupiler-pro-league-4-stvv-vs-raal-la-louviere,2025/26,2025-08-17,4,Journée 4,Bert Verbeke,STVV,RAAL La Louvière,2,1,14,10,7,5,4,4,3,1,4,5,14,9,1,2,,,60.6,39.4,528,330,437,248,26,20,14,12,4,5,4,2,39,28,9,14,2,1,3,2,4231,532,,FullTime
saison-2025-2026-jupiler-pro-league-5-standard-de-liege-vs-cercle-brugge,2025/26,2025-08-23,5,Journée 5,Jan Boterberg,Standard de Liège,Cercle Brugge KSV,0,3,15,18,3,10,7,4,5,4,4,3,4,12,1,3,,,56.2,43.8,475,368,381,269,20,25,15,18,6,3,2,3,42,26,10,4,,2,,7,4231,442,,FullTime
saison-2025-2026-jupiler-pro-league-5-sv-zulte-waregem-vs-stvv,2025/26,2025-08-23,5,Journée 5,Kevin van Damme,SV Zulte Waregem,STVV,0,2,6,18,2,4,1,8,3,6,2,11,10,14,2,,1,,36.1,63.9,293,518,225,433,6,7,6,5,2,2,3,,28,30,14,10,,2,,2,352,4231,,FullTime
saison-2025-2026-jupiler-pro-league-5-fcv-dender-eh-vs-oh-leuven,2025/26,2025-08-24,5,Journée 5,Jasper Vergoote,Dender EH,OH Leuven,0,1,4,11,2,4,2,3,,4,4,6,8,14,3,4,,,59.4,40.6,463,319,368,226,21,17,11,9,3,2,5,2,19,29,13,7,,1,,1,3142,3421,,FullTime
saison-2025-2026-jupiler-pro-league-5-raal-la-louviere-vs-union-sg,2025/26,2025-08-24,5,Journée 5,Nathan Verboomen,RAAL La Louvière,Royale Union St-Gilloise,0,0,5,10,1,5,3,4,1,1,5,2,6,15,2,3,,,32.3,67.7,253,565,159,462,15,24,9,16,5,1,1,5,31,34,14,6,,,,1,532,3412,,FullTime
saison-2025-2026-jupiler-pro-league-5-royal-antwerp-fc-vs-kv-mechelen,2025/26,2025-08-24,5,Journée 5,Bram van Driessche,Royal Antwerp FC,KV Mechelen,2,1,9,25,2,8,4,11,3,6,6,13,13,8,,3,1,,39.6,60.4,286,442,231,372,26,13,12,12,7,,1,1,38,16,8,13,2,,1,4,3142,3412,,FullTime
saison-2025-2026-jupiler-pro-league-5-krc-genk-vs-sporting-charleroi,2025/26,2025-09-17,5,Journée 5,Simon Bourdeaud'hui,KRC Genk,Sporting de Charleroi,0,1,15,9,3,2,4,4,8,3,4,3,11,11,,2,,,68.7,31.3,596,277,524,195,12,19,7,13,1,3,1,3,20,54,11,11,,1,1,1,4231,4231,,FullTime
saison-2025-2026-jupiler-pro-league-5-rsc-anderlecht-vs-kaa-gent,2025/26,2025-09-23,5,Journée 5,Nicolas Laforge,Royal Sporting Club Anderlecht,KAA Gent,1,0,17,8,9,2,4,5,4,1,8,2,16,12,3,3,,,53.9,46.1,508,435,403,340,19,15,9,11,2,8,3,,11,49,11,16,1,,2,1,343,3421,,FullTime
saison-2025-2026-jupiler-pro-league-5-club-brugge-vs-kvc-westerlo,2025/26,2025-09-24,5,Journée 5,Lawrence Visser,Club Brugge,KVC Westerlo,5,5,17,21,5,8,5,7,7,6,5,4,9,14,1,3,,,71.4,28.6,685,269,607,207,22,23,14,15,4,1,,1,13,42,14,7,3,3,3,3,4231,4231,,FullTime
saison-2025-2026-jupiler-pro-league-6-cercle-brugge-vs-stvv,2025/26,2025-08-29,6,Journée 6,Nicolas Laforge,Cercle Brugge KSV,STVV,1,1,13,17,4,5,4,10,5,2,3,8,8,9,2,1,,,51.4,48.6,372,347,265,257,17,17,11,10,4,3,1,1,26,47,9,8,1,1,2,3,442,4231,,FullTime
saison-2025-2026-jupiler-pro-league-6-kv-mechelen-vs-raal-la-louviere,2025/26,2025-08-30,6,Journée 6,Massimiliano Ledda,KV Mechelen,RAAL La Louvière,3,2,13,12,8,3,4,6,1,3,4,6,13,9,1,,,,66.1,33.9,481,233,410,156,18,17,10,13,3,5,2,,44,22,9,12,3,,3,1,3421,532,,FullTime
saison-2025-2026-jupiler-pro-league-6-kvc-westerlo-vs-royal-antwerp-fc,2025/26,2025-08-30,6,Journée 6,Jan Boterberg,KVC Westerlo,Royal Antwerp FC,2,0,16,13,9,3,5,5,2,5,5,4,19,14,2,3,,,39,61,277,431,222,353,11,21,5,11,3,6,1,3,37,18,13,18,1,,3,3,4231,3412,,FullTime
saison-2025-2026-jupiler-pro-league-6-sporting-charleroi-vs-fcv-dender-eh,2025/26,2025-08-30,6,Journée 6,Wesli De Cremer,Sporting de Charleroi,Dender EH,3,1,11,9,4,4,3,2,4,3,5,4,12,15,1,,,,50.8,49.2,469,456,390,354,15,15,8,10,3,1,3,1,25,21,15,12,2,1,1,1,4231,532,,FullTime
saison-2025-2026-jupiler-pro-league-6-kaa-gent-vs-club-brugge,2025/26,2025-08-31,6,Journée 6,Lothar D'Hondt,KAA Gent,Club Brugge,1,1,14,14,2,6,7,2,5,6,6,7,12,11,4,2,,,49.5,50.5,473,498,397,417,11,14,7,5,5,1,1,3,26,24,11,12,1,1,,3,3421,4231,,FullTime
saison-2025-2026-jupiler-pro-league-6-krc-genk-vs-sv-zulte-waregem,2025/26,2025-08-31,6,Journée 6,Bram van Driessche,KRC Genk,SV Zulte Waregem,3,2,11,8,4,3,4,3,3,2,5,5,9,21,2,2,1,,46.6,53.4,380,438,313,369,12,12,5,8,1,1,,,22,24,20,9,3,1,1,,4231,343,,FullTime
saison-2025-2026-jupiler-pro-league-6-oh-leuven-vs-standard-de-liege,2025/26,2025-08-31,6,Journée 6,Lawrence Visser,OH Leuven,Standard de Liège,1,0,9,7,3,1,4,5,2,1,4,4,12,11,3,3,,,40.2,59.8,321,465,218,378,12,13,6,7,1,3,3,3,29,30,11,11,,,,,3412,433,,FullTime
saison-2025-2026-jupiler-pro-league-6-union-sg-vs-rsc-anderlecht,2025/26,2025-08-31,6,Journée 6,Jasper Vergoote,Royale Union St-Gilloise,Royal Sporting Club Anderlecht,2,0,16,9,5,4,7,3,4,2,5,5,7,17,1,2,,2,48.8,51.2,368,383,301,301,23,22,12,16,3,3,,3,33,24,17,7,,,1,2,3412,4231,,FullTime
saison-2025-2026-jupiler-pro-league-7-standard-de-liege-vs-kv-mechelen,2025/26,2025-09-12,7,Journée 7,Nicolas Laforge,Standard de Liège,KV Mechelen,1,1,11,14,3,6,3,4,5,4,12,5,10,8,3,3,,,52.7,47.3,381,347,297,270,12,18,7,12,4,2,,2,24,38,7,9,,1,,1,4231,3412,,FullTime
saison-2025-2026-jupiler-pro-league-7-fcv-dender-eh-vs-union-sg,2025/26,2025-09-13,7,Journée 7,Bert Verbeke,Dender EH,Royale Union St-Gilloise,0,1,4,19,2,4,2,12,,3,1,6,5,12,,,,,36.2,63.8,316,561,203,469,24,12,21,6,3,2,,1,46,26,12,5,,1,,1,3142,3412,,FullTime
saison-2025-2026-jupiler-pro-league-7-raal-la-louviere-vs-club-brugge,2025/26,2025-09-13,7,Journée 7,Bert Put,RAAL La Louvière,Club Brugge,1,0,14,21,4,6,8,5,2,10,5,6,15,10,,2,,,31.1,68.9,244,565,166,487,18,13,10,10,6,3,2,2,24,23,9,14,1,,,5,532,4231,,FullTime
saison-2025-2026-jupiler-pro-league-7-sv-zulte-waregem-vs-oh-leuven,2025/26,2025-09-13,7,Journée 7,Nathan Verboomen,SV Zulte Waregem,OH Leuven,2,0,12,25,8,6,3,13,1,6,2,6,14,18,3,4,,,42.9,57.1,344,433,256,351,14,14,9,10,7,6,2,3,38,15,18,13,1,,1,2,4231,3412,,FullTime
saison-2025-2026-jupiler-pro-league-7-cercle-brugge-vs-sporting-charleroi,2025/26,2025-09-14,7,Journée 7,Jasper Vergoote,Cercle Brugge KSV,Sporting de Charleroi,2,3,8,9,2,4,4,3,2,2,4,3,7,12,1,2,,,56.1,43.9,454,364,344,255,13,15,7,10,1,,2,3,22,51,11,7,,3,,1,4132,4231,,FullTime
saison-2025-2026-jupiler-pro-league-7-royal-antwerp-fc-vs-kaa-gent,2025/26,2025-09-14,7,Journée 7,Lawrence Visser,Royal Antwerp FC,KAA Gent,1,2,22,9,7,6,6,2,9,1,5,1,8,12,4,2,,1,61.3,38.7,513,333,433,253,13,14,9,8,2,6,3,2,13,38,12,8,1,2,2,2,3142,3421,,FullTime
saison-2025-2026-jupiler-pro-league-7-rsc-anderlecht-vs-krc-genk,2025/26,2025-09-14,7,Journée 7,Lothar D'Hondt,Royal Sporting Club Anderlecht,KRC Genk,1,1,9,18,3,3,4,9,2,6,3,7,16,7,2,3,1,,29.8,70.2,280,651,210,603,19,9,8,3,2,2,3,3,34,13,7,16,1,1,1,3,4231,4231,,FullTime
saison-2025-2026-jupiler-pro-league-7-stvv-vs-kvc-westerlo,2025/26,2025-09-14,7,Journée 7,Bram van Driessche,STVV,KVC Westerlo,0,3,17,12,3,6,9,5,5,1,8,3,11,14,1,2,,,62.6,37.4,522,313,436,234,15,21,9,13,3,3,6,1,16,46,14,11,,2,3,3,4231,4231,,FullTime
saison-2025-2026-jupiler-pro-league-8-kaa-gent-vs-fcv-dender-eh,2025/26,2025-09-19,8,Journée 8,Jan Boterberg,KAA Gent,Dender EH,3,0,15,15,3,4,6,6,6,5,2,6,8,5,1,1,,,63.1,36.9,649,374,580,301,17,14,13,7,4,,,1,25,17,5,8,3,,1,4,3421,532,,FullTime
saison-2025-2026-jupiler-pro-league-8-oh-leuven-vs-raal-la-louviere,2025/26,2025-09-20,8,Journée 8,Wesli De Cremer,OH Leuven,RAAL La Louvière,1,2,8,5,1,3,4,1,3,1,2,1,22,16,4,3,,,66.8,33.2,477,236,378,150,18,9,10,6,1,,2,4,14,32,16,22,1,2,1,,3412,352,,FullTime
saison-2025-2026-jupiler-pro-league-8-rsc-anderlecht-vs-royal-antwerp-fc,2025/26,2025-09-20,8,Journée 8,Erik Lambrechts,Royal Sporting Club Anderlecht,Royal Antwerp FC,0,0,18,6,2,1,8,4,8,1,8,2,9,13,3,2,,,67.9,32.1,603,285,508,200,9,21,4,14,1,2,2,,11,44,12,9,,,1,,4231,3142,,FullTime
saison-2025-2026-jupiler-pro-league-8-sporting-charleroi-vs-sv-zulte-waregem,2025/26,2025-09-20,8,Journée 8,Michiel Allaerts,Sporting de Charleroi,SV Zulte Waregem,1,2,9,20,3,4,4,8,2,8,6,11,12,14,3,1,1,,35.7,64.3,262,489,202,429,11,9,5,7,2,2,6,2,36,20,12,11,1,1,,1,4231,442,,FullTime
saison-2025-2026-jupiler-pro-league-8-club-brugge-vs-stvv,2025/26,2025-09-21,8,Journée 8,Lothar D'Hondt,Club Brugge,STVV,2,0,20,7,9,3,6,2,5,2,5,,10,11,1,2,,,61.5,38.5,651,401,574,321,13,21,6,12,3,7,1,5,16,33,11,10,2,,2,,4231,4231,,FullTime
saison-2025-2026-jupiler-pro-league-8-krc-genk-vs-union-sg,2025/26,2025-09-21,8,Journée 8,Nathan Verboomen,KRC Genk,Royale Union St-Gilloise,1,2,15,11,7,6,6,4,2,1,8,5,11,12,2,4,,,64.3,35.7,517,284,437,209,14,20,8,15,4,6,2,4,30,39,12,11,1,2,1,,4231,3412,,FullTime
saison-2025-2026-jupiler-pro-league-8-kv-mechelen-vs-cercle-brugge,2025/26,2025-09-21,8,Journée 8,Bert Verbeke,KV Mechelen,Cercle Brugge KSV,0,0,13,16,2,5,5,7,6,4,7,7,6,17,1,3,,,49.5,50.5,330,339,244,253,22,20,15,15,5,2,2,1,27,31,16,5,,,,4,3412,442,,FullTime
saison-2025-2026-jupiler-pro-league-8-kvc-westerlo-vs-standard-de-liege,2025/26,2025-09-21,8,Journée 8,Kevin van Damme,KVC Westerlo,Standard de Liège,0,2,17,6,4,3,8,1,5,2,7,1,7,15,,5,,,60.4,39.6,498,341,413,252,13,12,10,9,1,4,2,8,10,45,15,7,,1,,,4231,4231,,FullTime
saison-2025-2026-jupiler-pro-league-9-oh-leuven-vs-rsc-anderlecht,2025/26,2025-09-26,9,Journée 9,Simon Bourdeaud'hui,OH Leuven,Royal Sporting Club Anderlecht,1,1,17,10,8,2,8,5,1,3,2,5,16,7,4,3,,,39,61,314,504,244,419,12,10,5,5,1,6,2,3,33,35,6,16,,1,3,1,343,4231,,FullTime
saison-2025-2026-jupiler-pro-league-9-standard-de-liege-vs-club-brugge,2025/26,2025-09-27,9,Journée 9,Jasper Vergoote,Standard de Liège,Club Brugge,1,2,18,15,5,5,7,5,6,5,7,8,13,7,4,2,1,,36.6,63.4,288,521,220,450,11,11,5,5,3,4,1,1,21,38,7,11,,2,2,1,4231,4231,,FullTime
saison-2025-2026-jupiler-pro-league-9-sv-zulte-waregem-vs-royal-antwerp-fc,2025/26,2025-09-27,9,Journée 9,Bert Verbeke,SV Zulte Waregem,Royal Antwerp FC,2,0,17,8,6,1,4,6,7,1,4,4,6,13,,1,,,42.7,57.3,358,476,287,406,14,17,11,13,1,4,1,4,25,30,13,5,2,,2,,4231,352,,FullTime
saison-2025-2026-jupiler-pro-league-9-union-sg-vs-kvc-westerlo,2025/26,2025-09-27,9,Journée 9,Nicolas Laforge,Royale Union St-Gilloise,KVC Westerlo,2,0,19,7,6,2,7,2,6,3,9,2,15,11,3,2,,,54.1,45.9,409,353,308,257,19,10,11,7,2,5,3,2,39,29,10,15,1,,2,1,3412,4231,,FullTime
saison-2025-2026-jupiler-pro-league-9-cercle-brugge-vs-kaa-gent,2025/26,2025-09-28,9,Journée 9,Bert Put,Cercle Brugge KSV,KAA Gent,2,4,23,11,8,8,8,3,7,,10,2,12,9,2,3,,,49.8,50.2,360,384,285,295,17,20,10,10,4,5,1,2,16,50,9,12,1,4,5,,442,3421,,FullTime
saison-2025-2026-jupiler-pro-league-9-fcv-dender-eh-vs-raal-la-louviere,2025/26,2025-09-28,9,Journée 9,Anthony Letellier,Dender EH,RAAL La Louvière,0,0,10,10,2,2,5,5,3,3,4,2,8,7,1,3,,,63.1,36.9,512,290,424,217,18,8,8,5,2,2,3,3,28,39,7,8,,,,2,532,3142,,FullTime
saison-2025-2026-jupiler-pro-league-9-sporting-charleroi-vs-kv-mechelen,2025/26,2025-09-28,9,Journée 9,Bram van Driessche,Sporting de Charleroi,KV Mechelen,0,2,13,5,6,3,4,2,3,,5,3,6,10,,4,,,62.6,37.4,506,313,450,239,19,13,15,11,1,6,1,,9,42,10,5,,2,,1,4231,3412,,FullTime
saison-2025-2026-jupiler-pro-league-9-stvv-vs-krc-genk,2025/26,2025-09-28,9,Journée 9,Lawrence Visser,STVV,KRC Genk,1,2,16,15,4,7,5,7,7,1,3,6,12,18,4,2,1,,36.5,63.5,294,525,212,446,26,15,12,9,5,4,2,2,33,26,18,10,,1,1,3,4231,4231,,FullTime
saison-2025-2026-jupiler-pro-league-10-kaa-gent-vs-sporting-charleroi,2025/26,2025-10-03,10,Journée 10,Lawrence Visser,KAA Gent,Sporting de Charleroi,2,1,9,9,3,7,4,2,2,,4,2,5,9,2,4,,,62.1,37.9,579,351,494,268,6,8,3,7,6,1,1,,22,26,9,5,2,,1,1,3421,4231,,FullTime
saison-2025-2026-jupiler-pro-league-10-kv-mechelen-vs-stvv,2025/26,2025-10-04,10,Journée 10,Jasper Vergoote,KV Mechelen,STVV,1,3,10,19,3,9,4,4,3,6,5,9,18,14,3,1,,,49.9,50.1,385,385,304,309,26,19,12,8,6,3,,2,38,20,14,17,,2,2,1,3412,4231,,FullTime
saison-2025-2026-jupiler-pro-league-10-raal-la-louviere-vs-sv-zulte-waregem,2025/26,2025-10-04,10,Journée 10,Kevin van Damme,RAAL La Louvière,SV Zulte Waregem,0,0,11,6,4,4,5,,2,2,12,1,12,8,2,3,,,35.9,64.1,245,480,178,411,12,17,7,12,5,4,2,,24,45,7,12,,,4,,3142,4231,,FullTime
saison-2025-2026-jupiler-pro-league-10-royal-antwerp-fc-vs-cercle-brugge,2025/26,2025-10-04,10,Journée 10,Nathan Verboomen,Royal Antwerp FC,Cercle Brugge KSV,1,1,18,12,10,2,6,5,2,5,8,3,14,12,1,1,,,47.1,52.9,303,343,197,245,13,19,6,11,1,9,5,3,18,38,11,14,,1,4,,3412,442,,FullTime
saison-2025-2026-jupiler-pro-league-10-club-brugge-vs-union-sg,2025/26,2025-10-05,10,Journée 10,Jan Boterberg,Club Brugge,Royale Union St-Gilloise,1,0,10,7,2,1,2,4,6,2,7,3,7,17,2,3,,,60.5,39.5,490,319,420,250,14,7,7,4,1,1,4,2,23,39,17,7,1,,,,4231,3412,,FullTime
saison-2025-2026-jupiler-pro-league-10-krc-genk-vs-fcv-dender-eh,2025/26,2025-10-05,10,Journée 10,Massimiliano Ledda,KRC Genk,Dender EH,2,1,25,10,8,9,7,,10,1,8,3,11,15,2,3,,2,65.9,34.1,579,297,496,212,19,22,11,14,8,6,2,2,25,32,14,10,2,,2,3,4231,532,,FullTime
saison-2025-2026-jupiler-pro-league-10-kvc-westerlo-vs-oh-leuven,2025/26,2025-10-05,10,Journée 10,Lothar D'Hondt,KVC Westerlo,OH Leuven,2,0,17,8,5,4,7,1,5,3,6,6,13,27,2,2,,,51.8,48.2,351,329,291,251,21,18,7,13,4,3,1,3,56,23,27,12,2,,2,1,4231,343,,FullTime
saison-2025-2026-jupiler-pro-league-10-rsc-anderlecht-vs-standard-de-liege,2025/26,2025-10-05,10,Journée 10,Bram van Driessche,Royal Sporting Club Anderlecht,Standard de Liège,1,0,17,9,6,1,7,5,4,3,6,4,18,12,3,1,,1,51,49,398,384,300,285,27,20,17,12,1,5,1,1,34,18,12,18,,,2,1,4231,4231,,FullTime
saison-2025-2026-jupiler-pro-league-11-oh-leuven-vs-club-brugge,2025/26,2025-10-18,11,Journée 11,Bert Verbeke,OH Leuven,Club Brugge,0,1,17,11,5,4,6,6,6,1,4,11,15,12,2,1,,,34.7,65.3,296,577,234,512,13,10,10,7,3,5,1,1,26,29,10,14,,1,,2,343,4231,,FullTime
saison-2025-2026-jupiler-pro-league-11-raal-la-louviere-vs-kvc-westerlo,2025/26,2025-10-18,11,Journée 11,Massimiliano Ledda,RAAL La Louvière,KVC Westerlo,0,0,8,7,1,,7,6,,1,2,2,11,15,,1,,,38.5,61.5,280,466,199,367,21,20,13,15,,1,4,2,24,35,15,11,,,,,3142,4231,,FullTime
saison-2025-2026-jupiler-pro-league-11-union-sg-vs-sporting-charleroi,2025/26,2025-10-18,11,Journée 11,Simon Bourdeaud'hui,Royale Union St-Gilloise,Sporting de Charleroi,3,1,15,9,3,3,6,5,6,1,1,2,15,8,,3,,,51.3,48.7,428,399,348,293,19,16,11,11,2,,3,1,41,20,8,14,3,,,1,3412,4231,,FullTime
saison-2025-2026-jupiler-pro-league-11-cercle-brugge-vs-krc-genk,2025/26,2025-10-19,11,Journée 11,Wesli De Cremer,Cercle Brugge KSV,KRC Genk,2,2,18,16,7,5,6,6,5,5,4,5,10,10,3,2,,,36.5,63.5,354,632,290,531,16,26,11,10,3,5,2,1,24,20,9,8,1,2,3,1,442,4231,,FullTime
saison-2025-2026-jupiler-pro-league-11-fcv-dender-eh-vs-kv-mechelen,2025/26,2025-10-19,11,Journée 11,Michiel Allaerts,Dender EH,KV Mechelen,1,3,19,11,6,6,7,4,6,1,4,4,16,12,1,,,,54,46,441,377,363,310,28,12,17,5,3,5,1,,21,38,10,16,,1,5,1,532,3412,,FullTime
saison-2025-2026-jupiler-pro-league-11-stvv-vs-rsc-anderlecht,2025/26,2025-10-19,11,Journée 11,Nicolas Laforge,STVV,Royal Sporting Club Anderlecht,2,2,15,11,3,4,9,5,3,2,5,6,6,11,1,2,,,49.5,50.5,428,448,337,350,18,24,12,13,2,1,2,1,15,28,9,6,2,2,,,442,4231,,FullTime
saison-2025-2026-jupiler-pro-league-11-sv-zulte-waregem-vs-kaa-gent,2025/26,2025-10-19,11,Journée 11,Erik Lambrechts,SV Zulte Waregem,KAA Gent,4,1,15,14,7,5,5,7,3,2,3,12,7,16,,2,,,39.7,60.3,363,535,274,446,14,15,10,10,4,4,4,,42,18,15,6,1,1,2,1,4231,3421,,FullTime
saison-2025-2026-jupiler-pro-league-11-standard-de-liege-vs-royal-antwerp-fc,2025/26,2025-10-20,11,Journée 11,Nicolas Laforge,Standard de Liège,Royal Antwerp FC,1,0,11,17,4,3,3,9,4,5,4,5,19,19,2,3,1,,29.3,70.7,231,552,137,453,12,16,8,6,2,3,3,1,47,17,18,19,1,,,1,4231,3412,,FullTime
saison-2025-2026-jupiler-pro-league-12-sporting-charleroi-vs-rsc-anderlecht,2025/26,2025-10-24,12,Journée 12,Lawrence Visser,Sporting de Charleroi,Royal Sporting Club Anderlecht,1,0,8,15,3,2,1,5,4,8,5,9,8,18,2,2,,,38.5,61.5,286,474,221,404,11,14,5,9,2,2,1,1,40,24,18,8,1,,2,1,4231,4231,,FullTime
saison-2025-2026-jupiler-pro-league-12-kaa-gent-vs-standard-de-liege,2025/26,2025-10-25,12,Journée 12,Nathan Verboomen,KAA Gent,Standard de Liège,4,0,16,12,6,2,6,7,4,3,4,4,11,9,,2,,,49.6,50.4,451,455,370,361,17,14,10,8,2,2,,,33,19,9,11,3,,,1,3421,4231,,FullTime
saison-2025-2026-jupiler-pro-league-12-kv-mechelen-vs-oh-leuven,2025/26,2025-10-25,12,Journée 12,Kevin van Damme,KV Mechelen,OH Leuven,1,1,14,13,5,4,6,5,3,4,6,2,7,16,3,5,,,55.9,44.1,427,339,359,269,14,20,10,13,3,4,1,1,33,33,12,7,1,1,1,3,343,3421,,FullTime
saison-2025-2026-jupiler-pro-league-12-kvc-westerlo-vs-fcv-dender-eh,2025/26,2025-10-25,12,Journée 12,Anthony Letellier,KVC Westerlo,Dender EH,1,1,23,11,6,3,9,7,8,1,11,3,12,16,2,2,,,62.1,37.9,469,286,385,188,9,16,7,11,2,5,1,4,17,36,16,12,1,1,4,3,4231,532,,FullTime
saison-2025-2026-jupiler-pro-league-12-cercle-brugge-vs-sv-zulte-waregem,2025/26,2025-10-26,12,Journée 12,Jan Boterberg,Cercle Brugge KSV,SV Zulte Waregem,1,1,18,18,3,6,11,7,4,5,,3,5,16,,1,,,59.2,40.8,533,362,456,279,9,19,6,10,5,2,6,,34,32,16,5,1,,2,3,442,4231,,FullTime
saison-2025-2026-jupiler-pro-league-12-krc-genk-vs-raal-la-louviere,2025/26,2025-10-26,12,Journée 12,Bert Verbeke,KRC Genk,RAAL La Louvière,1,1,17,10,7,2,7,5,3,3,9,3,13,18,1,3,,,80.8,19.2,661,158,592,94,20,17,12,8,1,4,4,1,15,51,16,12,,,4,1,4231,532,,FullTime
saison-2025-2026-jupiler-pro-league-12-royal-antwerp-fc-vs-club-brugge,2025/26,2025-10-26,12,Journée 12,Nicolas Laforge,Royal Antwerp FC,Club Brugge,0,1,11,10,4,4,6,2,1,4,1,5,9,11,2,2,,,52.5,47.5,475,432,396,355,20,20,16,14,3,4,2,,16,22,11,8,,,2,,3412,433,,FullTime
saison-2025-2026-jupiler-pro-league-12-union-sg-vs-stvv,2025/26,2025-10-26,12,Journée 12,Bram van Driessche,Royale Union St-Gilloise,STVV,2,0,18,11,6,2,7,3,5,6,5,6,7,11,1,2,,,46.2,53.8,358,420,283,332,24,16,16,10,2,4,3,2,26,23,11,7,2,,1,2,3421,4231,,FullTime
saison-2025-2026-jupiler-pro-league-13-standard-de-liege-vs-sporting-charleroi,2025/26,2025-10-31,13,Journée 13,Erik Lambrechts,Standard de Liège,Sporting de Charleroi,3,1,8,12,5,4,2,7,1,1,4,5,10,14,2,3,,,42.2,57.8,335,456,272,377,11,12,9,9,3,2,,,37,18,14,9,1,1,1,3,4231,4231,,FullTime
saison-2025-2026-jupiler-pro-league-13-club-brugge-vs-fcv-dender-eh,2025/26,2025-11-01,13,Journée 13,Kevin van Damme,Club Brugge,Dender EH,2,1,19,14,5,5,8,6,6,3,7,4,10,13,1,1,,,66.6,33.4,700,340,633,272,13,15,9,9,4,3,4,2,13,24,13,10,1,1,1,1,4231,532,,FullTime
saison-2025-2026-jupiler-pro-league-13-rsc-anderlecht-vs-kv-mechelen,2025/26,2025-11-01,13,Journée 13,Simon Bourdeaud'hui,Royal Sporting Club Anderlecht,KV Mechelen,3,1,19,7,7,1,6,4,6,2,9,2,14,7,1,1,,,44,56,417,537,333,456,17,13,10,8,,4,1,3,20,13,7,14,2,1,,1,4231,343,,FullTime
saison-2025-2026-jupiler-pro-league-13-sv-zulte-waregem-vs-union-sg,2025/26,2025-11-01,13,Journée 13,Lothar D'Hondt,SV Zulte Waregem,Royale Union St-Gilloise,1,4,10,20,3,9,3,6,4,5,2,5,14,17,1,4,,,47.8,52.2,431,468,352,389,15,18,7,11,5,2,1,3,20,23,16,13,,3,1,6,4231,3421,,FullTime
saison-2025-2026-jupiler-pro-league-13-kvc-westerlo-vs-krc-genk,2025/26,2025-11-02,13,Journée 13,Michiel Allaerts,KVC Westerlo,KRC Genk,0,1,17,7,1,4,11,3,5,,4,4,7,3,,1,,,50,50,488,504,416,423,25,18,14,12,3,1,1,2,22,41,3,7,,1,1,3,4231,4231,,FullTime
saison-2025-2026-jupiler-pro-league-13-oh-leuven-vs-kaa-gent,2025/26,2025-11-02,13,Journée 13,Wesli De Cremer,OH Leuven,KAA Gent,4,0,10,14,4,4,3,6,3,4,,9,14,12,4,2,,1,38.7,61.3,329,511,257,444,10,8,6,7,4,,1,1,25,12,12,14,2,,2,3,532,433,,FullTime
saison-2025-2026-jupiler-pro-league-13-raal-la-louviere-vs-cercle-brugge,2025/26,2025-11-02,13,Journée 13,Bert Put,RAAL La Louvière,Cercle Brugge KSV,2,1,8,15,3,4,3,8,2,3,1,5,10,12,3,1,,,29.3,70.7,227,555,139,454,19,19,10,9,3,1,,1,36,32,12,8,1,1,,3,352,4132,,FullTime
saison-2025-2026-jupiler-pro-league-13-stvv-vs-royal-antwerp-fc,2025/26,2025-11-02,13,Journée 13,Nathan Verboomen,STVV,Royal Antwerp FC,1,0,22,5,9,1,8,3,5,1,6,4,12,12,3,2,,1,70.9,29.1,576,226,522,143,11,8,5,3,1,7,4,3,30,28,11,12,1,,4,1,4231,3412,,FullTime
saison-2025-2026-jupiler-pro-league-14-fcv-dender-eh-vs-sv-zulte-waregem,2025/26,2025-11-07,14,Journée 14,Michiel Allaerts,Dender EH,SV Zulte Waregem,2,2,15,13,4,3,8,8,3,2,5,5,5,16,1,1,,,51.9,48.1,453,430,357,336,14,14,8,10,1,2,2,1,26,25,16,5,1,2,,1,532,541,,FullTime
saison-2025-2026-jupiler-pro-league-14-cercle-brugge-vs-oh-leuven,2025/26,2025-11-08,14,Journée 14,Simon Bourdeaud'hui,Cercle Brugge KSV,OH Leuven,1,2,17,9,5,4,9,3,3,2,8,3,10,18,1,1,,,59.1,40.9,418,299,332,212,20,27,14,18,2,4,5,1,26,39,18,10,,2,1,,4132,532,,FullTime
saison-2025-2026-jupiler-pro-league-14-royal-antwerp-fc-vs-raal-la-louviere,2025/26,2025-11-08,14,Journée 14,Bram van Driessche,Royal Antwerp FC,RAAL La Louvière,3,1,11,6,5,1,3,2,3,3,7,4,13,14,4,3,,1,68.9,31.1,521,228,446,158,30,20,20,10,,2,1,1,37,39,14,11,2,1,,,3412,352,,FullTime
saison-2025-2026-jupiler-pro-league-14-sporting-charleroi-vs-kvc-westerlo,2025/26,2025-11-08,14,Journée 14,Bert Verbeke,Sporting de Charleroi,KVC Westerlo,2,0,13,14,8,5,2,6,3,3,7,5,8,12,2,1,,,38.7,61.3,278,444,213,372,24,12,13,6,5,6,7,,43,21,10,8,2,,2,3,4231,4231,,FullTime
saison-2025-2026-jupiler-pro-league-14-kaa-gent-vs-krc-genk,2025/26,2025-11-09,14,Journée 14,Jan Boterberg,KAA Gent,KRC Genk,1,1,18,14,4,2,5,7,9,5,6,2,15,5,2,1,,,40,60,422,671,357,590,7,19,2,15,1,3,1,,19,35,5,15,1,1,1,1,4231,4231,,FullTime
saison-2025-2026-jupiler-pro-league-14-kv-mechelen-vs-union-sg,2025/26,2025-11-09,14,Journée 14,Lawrence Visser,KV Mechelen,Royale Union St-Gilloise,1,1,7,19,1,4,3,9,3,6,4,10,9,12,3,2,,,44.6,55.4,386,476,314,398,11,27,9,18,3,,3,1,20,15,11,8,,1,,2,3412,352,,FullTime
saison-2025-2026-jupiler-pro-league-14-rsc-anderlecht-vs-club-brugge,2025/26,2025-11-09,14,Journée 14,Erik Lambrechts,Royal Sporting Club Anderlecht,Club Brugge,1,0,16,11,3,3,9,6,4,2,6,5,17,9,5,4,,,41.3,58.7,344,502,276,418,13,14,7,5,3,3,2,,33,20,9,16,,,3,2,4231,4231,,FullTime
saison-2025-2026-jupiler-pro-league-14-stvv-vs-standard-de-liege,2025/26,2025-11-09,14,Journée 14,Nicolas Laforge,STVV,Standard de Liège,1,0,16,4,2,3,5,1,9,,9,1,8,11,,1,,,65.6,34.4,614,320,523,234,13,9,12,9,3,1,2,3,9,28,10,8,,,2,,4231,4231,,FullTime
saison-2025-2026-jupiler-pro-league-15-standard-de-liege-vs-sv-zulte-waregem,2025/26,2025-11-21,15,Journée 15,Lawrence Visser,Standard de Liège,SV Zulte Waregem,0,0,21,6,8,2,4,1,9,3,5,3,13,12,2,1,1,1,73.9,26.1,611,221,560,163,10,13,2,6,2,8,4,1,20,47,12,12,,,5,,433,4231,,FullTime
saison-2025-2026-jupiler-pro-league-15-club-brugge-vs-sporting-charleroi,2025/26,2025-11-22,15,Journée 15,Simon Bourdeaud'hui,Club Brugge,Sporting de Charleroi,1,0,17,10,5,,9,7,3,3,6,11,5,9,2,1,,,60.9,39.1,553,325,498,268,10,11,4,6,,4,,3,37,22,9,5,1,,1,1,4231,4231,,FullTime
saison-2025-2026-jupiler-pro-league-15-kvc-westerlo-vs-kaa-gent,2025/26,2025-11-22,15,Journée 15,Bert Put,KVC Westerlo,KAA Gent,0,0,20,10,5,3,12,3,3,4,9,2,10,11,3,3,,,49.6,50.4,431,451,362,373,11,14,6,6,3,5,2,4,19,39,11,10,,,6,1,4231,4231,,FullTime
saison-2025-2026-jupiler-pro-league-15-union-sg-vs-cercle-brugge,2025/26,2025-11-22,15,Journée 15,Nicolas Laforge,Royale Union St-Gilloise,Cercle Brugge KSV,2,0,17,8,6,1,6,5,5,2,7,4,17,10,2,4,,,54.4,45.6,466,388,361,289,20,19,14,12,1,3,,6,49,30,9,17,2,,1,2,3142,541,,FullTime
saison-2025-2026-jupiler-pro-league-15-krc-genk-vs-kv-mechelen,2025/26,2025-11-23,15,Journée 15,Bram van Driessche,KRC Genk,KV Mechelen,0,1,20,11,6,6,10,5,4,,6,3,5,13,,5,,,66.3,33.7,632,330,540,234,17,20,12,12,5,6,2,,12,41,11,4,,1,2,2,4231,3412,,FullTime
saison-2025-2026-jupiler-pro-league-15-oh-leuven-vs-stvv,2025/26,2025-11-23,15,Journée 15,Bert Verbeke,OH Leuven,STVV,1,2,19,8,6,4,11,2,2,2,10,1,15,13,3,2,,,51.3,48.7,391,393,304,321,17,12,8,7,2,5,,4,11,45,13,14,1,1,1,2,442,4231,,FullTime
saison-2025-2026-jupiler-pro-league-15-raal-la-louviere-vs-rsc-anderlecht,2025/26,2025-11-23,15,Journée 15,Jan Boterberg,RAAL La Louvière,Royal Sporting Club Anderlecht,0,1,10,20,4,7,5,8,1,5,5,7,14,11,2,3,,,37,63,307,535,232,461,24,21,15,11,5,3,,,35,23,11,14,,1,2,2,3412,3421,,FullTime
saison-2025-2026-jupiler-pro-league-15-royal-antwerp-fc-vs-fcv-dender-eh,2025/26,2025-11-23,15,Journée 15,Wesli De Cremer,Royal Antwerp FC,Dender EH,1,2,15,9,7,2,7,4,1,3,5,3,15,14,1,4,,,53.1,46.9,404,354,321,248,23,22,11,15,,5,8,1,24,29,14,14,1,2,1,,3421,532,,FullTime
saison-2025-2026-jupiler-pro-league-16-kv-mechelen-vs-standard-de-liege,2025/26,2025-11-28,16,Journée 16,Simon Bourdeaud'hui,KV Mechelen,Standard de Liège,0,1,9,6,1,2,5,4,3,,4,4,11,10,1,1,,,55.7,44.3,539,433,461,347,14,18,8,12,1,2,3,,18,35,10,11,,1,1,,3412,3511,,FullTime
saison-2025-2026-jupiler-pro-league-16-fcv-dender-eh-vs-kvc-westerlo,2025/26,2025-11-29,16,Journée 16,Jan Boterberg,Dender EH,KVC Westerlo,2,2,8,19,4,5,2,11,2,3,2,4,16,13,4,1,,,44.8,55.2,310,386,223,308,20,18,6,14,3,2,2,,31,30,12,16,1,1,,2,532,4231,,FullTime
saison-2025-2026-jupiler-pro-league-16-sporting-charleroi-vs-raal-la-louviere,2025/26,2025-11-29,16,Journée 16,Bram van Driessche,Sporting de Charleroi,RAAL La Louvière,0,0,16,6,4,,8,5,4,1,6,5,12,13,,1,,,63.8,36.2,463,266,369,181,15,13,11,7,,5,,1,18,38,13,11,,,2,,4231,3412,,FullTime
saison-2025-2026-jupiler-pro-league-16-sv-zulte-waregem-vs-cercle-brugge,2025/26,2025-11-29,16,Journée 16,Massimiliano Ledda,SV Zulte Waregem,Cercle Brugge KSV,1,1,7,12,2,3,3,5,2,4,6,7,13,13,1,2,,,45.8,54.2,327,391,232,301,12,11,10,6,3,1,1,6,29,26,13,13,,,1,1,442,4132,,FullTime
saison-2025-2026-jupiler-pro-league-16-club-brugge-vs-royal-antwerp-fc,2025/26,2025-11-30,16,Journée 16,Lothar D'Hondt,Club Brugge,Royal Antwerp FC,0,1,27,12,6,5,9,5,12,2,9,4,11,15,,3,,,75.5,24.5,608,195,515,121,23,14,10,7,4,6,,2,9,47,14,9,,1,1,3,4231,3421,,FullTime
saison-2025-2026-jupiler-pro-league-16-kaa-gent-vs-stvv,2025/26,2025-11-30,16,Journée 16,Lawrence Visser,KAA Gent,STVV,1,2,19,14,4,4,10,6,5,4,5,6,9,10,2,2,,,48.7,51.3,431,462,337,378,17,17,10,9,2,3,2,,24,23,10,9,1,2,1,3,4231,4231,,FullTime
saison-2025-2026-jupiler-pro-league-16-krc-genk-vs-oh-leuven,2025/26,2025-11-30,16,Journée 16,Wesli De Cremer,KRC Genk,OH Leuven,2,1,23,11,8,6,11,2,4,3,10,2,13,16,,3,,,65.7,34.3,539,269,476,205,13,14,8,8,4,6,4,1,41,28,16,13,2,1,2,,4231,541,,FullTime
saison-2025-2026-jupiler-pro-league-16-rsc-anderlecht-vs-union-sg,2025/26,2025-11-30,16,Journée 16,Nathan Verboomen,Royal Sporting Club Anderlecht,Royale Union St-Gilloise,1,0,6,10,2,1,2,4,2,5,4,2,8,11,2,4,,,40,60,335,508,241,417,19,26,14,15,1,1,,,43,12,11,8,1,,1,1,4231,3421,,FullTime
saison-2025-2026-jupiler-pro-league-17-raal-la-louviere-vs-fcv-dender-eh,2025/26,2025-12-05,17,Journée 17,Nathan Verboomen,RAAL La Louvière,Dender EH,1,2,15,14,4,6,10,5,1,3,5,2,9,9,1,1,,,50.3,49.7,387,406,297,311,15,15,12,8,4,3,2,2,27,55,7,7,1,1,1,,532,532,,FullTime
saison-2025-2026-jupiler-pro-league-17-cercle-brugge-vs-standard-de-liege,2025/26,2025-12-06,17,Journée 17,Bert Verbeke,Cercle Brugge KSV,Standard de Liège,1,2,15,11,6,2,6,2,3,7,9,5,7,16,,2,,,65.5,34.5,479,263,374,163,19,16,12,9,1,5,2,1,25,51,16,7,1,1,3,1,4231,4411,,FullTime
saison-2025-2026-jupiler-pro-league-17-stvv-vs-club-brugge,2025/26,2025-12-06,17,Journée 17,Bram van Driessche,STVV,Club Brugge,3,2,14,19,6,8,5,5,3,6,8,6,7,9,2,1,,,43.8,56.2,445,574,370,494,6,16,3,10,5,3,1,1,28,11,8,7,1,2,2,2,4231,4231,,FullTime
saison-2025-2026-jupiler-pro-league-17-union-sg-vs-kaa-gent,2025/26,2025-12-06,17,Journée 17,Simon Bourdeaud'hui,Royale Union St-Gilloise,KAA Gent,1,1,20,6,10,4,7,1,3,1,8,,13,6,1,1,,,63,37,573,340,499,248,9,12,7,7,3,9,4,1,20,56,6,11,,,2,1,3412,532,,FullTime
saison-2025-2026-jupiler-pro-league-17-kv-mechelen-vs-sporting-charleroi,2025/26,2025-12-07,17,Journée 17,Nicolas Laforge,KV Mechelen,Sporting de Charleroi,1,0,11,7,4,,2,5,5,2,7,3,11,10,4,2,,,54,46,451,375,369,311,14,19,8,14,1,3,,1,30,22,9,10,1,,1,3,3412,4231,,FullTime
saison-2025-2026-jupiler-pro-league-17-kvc-westerlo-vs-rsc-anderlecht,2025/26,2025-12-07,17,Journée 17,Lawrence Visser,KVC Westerlo,Royal Sporting Club Anderlecht,4,0,17,13,8,3,7,5,2,5,5,9,11,14,3,2,,,37.3,62.7,300,518,217,426,25,21,13,10,3,4,1,2,30,29,14,10,2,,4,,4231,442,,FullTime
saison-2025-2026-jupiler-pro-league-17-oh-leuven-vs-sv-zulte-waregem,2025/26,2025-12-07,17,Journée 17,Anthony Letellier,OH Leuven,SV Zulte Waregem,1,1,16,4,5,1,7,1,4,2,4,3,18,11,2,3,,,46.4,53.6,385,451,310,373,11,12,8,7,,4,1,,31,30,10,17,1,1,2,,352,4231,,FullTime
saison-2025-2026-jupiler-pro-league-17-royal-antwerp-fc-vs-krc-genk,2025/26,2025-12-07,17,Journée 17,Jasper Vergoote,Royal Antwerp FC,KRC Genk,3,0,11,18,4,8,6,2,1,8,3,10,12,11,1,1,,,28.1,71.9,260,683,194,599,22,21,11,10,8,1,3,,33,15,10,12,2,,2,,343,4231,,FullTime
saison-2025-2026-jupiler-pro-league-18-standard-de-liege-vs-oh-leuven,2025/26,2025-12-12,18,Journée 18,Massimiliano Ledda,Standard de Liège,OH Leuven,0,1,9,18,3,9,4,7,2,2,5,4,13,14,2,2,,,48.1,51.9,330,367,239,268,14,23,13,11,8,3,5,2,30,35,14,11,,,1,2,4231,352,,FullTime
saison-2025-2026-jupiler-pro-league-18-cercle-brugge-vs-kv-mechelen,2025/26,2025-12-13,18,Journée 18,Kevin van Damme,Cercle Brugge KSV,KV Mechelen,2,3,17,12,7,6,8,4,2,2,6,9,12,15,1,2,,,51,49,383,373,296,295,18,15,7,10,3,5,2,1,26,39,14,12,1,2,3,1,4231,3412,,FullTime
saison-2025-2026-jupiler-pro-league-18-rsc-anderlecht-vs-stvv,2025/26,2025-12-13,18,Journée 18,Lothar D'Hondt,Royal Sporting Club Anderlecht,STVV,2,1,21,8,9,2,6,4,6,2,6,2,11,18,4,5,,,54.5,45.5,434,347,344,264,14,20,8,10,1,6,3,3,16,26,18,10,2,,2,1,4231,4231,,FullTime
saison-2025-2026-jupiler-pro-league-18-sv-zulte-waregem-vs-raal-la-louviere,2025/26,2025-12-13,18,Journée 18,Wesli De Cremer,SV Zulte Waregem,RAAL La Louvière,2,2,9,8,4,4,3,3,2,1,3,2,12,13,1,2,,,70.7,29.3,620,257,527,173,12,18,7,10,2,2,,1,17,46,9,11,1,1,1,1,4231,3142,,FullTime
saison-2025-2026-jupiler-pro-league-18-fcv-dender-eh-vs-club-brugge,2025/26,2025-12-14,18,Journée 18,Bert Verbeke,Dender EH,Club Brugge,1,5,6,23,1,9,4,10,1,4,,3,6,6,,,,,38.4,61.6,356,570,257,497,12,14,8,8,4,,1,1,25,24,5,6,1,3,,2,532,4231,,FullTime
saison-2025-2026-jupiler-pro-league-18-kaa-gent-vs-royal-antwerp-fc,2025/26,2025-12-14,18,Journée 18,Nicolas Laforge,KAA Gent,Royal Antwerp FC,0,2,15,13,3,5,6,5,6,3,5,1,7,9,,1,1,,64.7,35.3,595,337,484,264,15,15,9,8,3,3,4,,7,49,9,7,,1,,2,532,343,,FullTime
saison-2025-2026-jupiler-pro-league-18-krc-genk-vs-kvc-westerlo,2025/26,2025-12-14,18,Journée 18,Michiel Allaerts,KRC Genk,KVC Westerlo,1,1,22,10,6,3,9,5,7,2,9,7,13,12,,2,,1,67.8,32.2,577,275,503,199,22,11,14,8,2,6,2,2,24,53,12,13,,1,2,1,4231,4231,,FullTime
saison-2025-2026-jupiler-pro-league-18-sporting-charleroi-vs-union-sg,2025/26,2025-12-14,18,Journée 18,Lawrence Visser,Sporting de Charleroi,Royale Union St-Gilloise,1,1,10,13,5,1,3,10,2,2,4,5,8,10,1,2,,,43.6,56.4,333,441,254,370,17,14,9,7,,4,3,1,24,26,10,7,,1,,1,4231,3142,,FullTime
saison-2025-2026-jupiler-pro-league-19-sporting-charleroi-vs-krc-genk,2025/26,2025-12-19,19,Journée 19,Simon Bourdeaud'hui,Sporting de Charleroi,KRC Genk,2,2,17,9,6,5,8,2,3,2,8,1,13,7,2,,,,46.8,53.2,418,499,358,432,12,11,4,8,3,4,3,2,15,34,7,13,,2,1,,4231,4231,,FullTime
saison-2025-2026-jupiler-pro-league-19-fcv-dender-eh-vs-standard-de-liege,2025/26,2025-12-20,19,Journée 19,Nicolas Laforge,Dender EH,Standard de Liège,0,1,10,8,4,4,5,4,1,,5,4,17,11,4,1,,,59.2,40.8,415,290,318,201,8,19,5,10,3,4,,,29,41,11,17,,1,3,1,3142,3421,,FullTime
saison-2025-2026-jupiler-pro-league-19-kvc-westerlo-vs-raal-la-louviere,2025/26,2025-12-20,19,Journée 19,Anthony Letellier,KVC Westerlo,RAAL La Louvière,2,1,14,14,4,3,5,7,5,4,4,5,10,5,2,,,,59.1,40.9,537,351,442,268,22,14,13,7,1,3,1,6,27,15,5,9,1,1,2,,4231,3142,,FullTime
saison-2025-2026-jupiler-pro-league-19-union-sg-vs-sv-zulte-waregem,2025/26,2025-12-20,19,Journée 19,Nathan Verboomen,Royale Union St-Gilloise,SV Zulte Waregem,2,0,8,9,5,,1,5,2,4,5,3,10,9,1,2,,,42,58,383,530,287,432,25,14,17,6,,3,5,2,45,21,9,10,2,,1,2,3421,343,,FullTime
saison-2025-2026-jupiler-pro-league-19-club-brugge-vs-kaa-gent,2025/26,2025-12-21,19,Journée 19,Jasper Vergoote,Club Brugge,KAA Gent,2,1,22,6,3,2,7,3,12,1,10,2,9,12,,2,,,72.3,27.7,634,242,555,167,14,20,8,14,1,1,,2,24,38,12,8,2,1,3,,4141,4231,,FullTime
saison-2025-2026-jupiler-pro-league-19-oh-leuven-vs-cercle-brugge,2025/26,2025-12-21,19,Journée 19,Michiel Allaerts,OH Leuven,Cercle Brugge KSV,0,2,18,11,4,3,7,6,7,2,8,7,21,17,5,5,,,58.2,41.8,378,280,292,181,15,24,8,14,1,4,1,4,25,33,17,21,,1,,2,3142,4132,,FullTime
saison-2025-2026-jupiler-pro-league-19-royal-antwerp-fc-vs-rsc-anderlecht,2025/26,2025-12-21,19,Journée 19,Erik Lambrechts,Royal Antwerp FC,Royal Sporting Club Anderlecht,2,2,23,12,9,3,6,4,8,5,6,5,12,12,,3,,,51.4,48.6,376,351,281,254,16,17,12,9,1,7,,3,31,27,12,12,1,,3,,343,532,,FullTime
saison-2025-2026-jupiler-pro-league-19-stvv-vs-kv-mechelen,2025/26,2025-12-21,19,Journée 19,Jan Boterberg,STVV,KV Mechelen,1,0,9,10,5,2,2,6,2,2,2,6,12,9,2,2,,,47.2,52.8,450,495,378,418,24,23,12,13,2,4,2,4,23,16,9,11,1,,1,1,4231,3412,,FullTime
saison-2025-2026-jupiler-pro-league-20-cercle-brugge-vs-union-sg,2025/26,2025-12-26,20,Journée 20,Lothar D'Hondt,Cercle Brugge KSV,Royale Union St-Gilloise,1,1,9,20,5,8,3,9,1,3,4,4,11,15,1,2,1,1,35.3,64.7,267,486,164,371,14,20,7,13,7,4,3,2,46,28,14,10,,,1,4,4132,3421,,FullTime
saison-2025-2026-jupiler-pro-league-20-krc-genk-vs-club-brugge,2025/26,2025-12-26,20,Journée 20,Lawrence Visser,KRC Genk,Club Brugge,3,5,22,8,7,6,8,,7,2,9,2,13,12,3,3,,,53.1,46.9,478,433,395,357,19,14,7,9,1,4,,2,17,28,12,11,3,5,,1,4231,4141,,FullTime
saison-2025-2026-jupiler-pro-league-20-rsc-anderlecht-vs-sporting-charleroi,2025/26,2025-12-26,20,Journée 20,Bram van Driessche,Royal Sporting Club Anderlecht,Sporting de Charleroi,1,2,17,13,4,5,8,6,5,2,8,3,7,16,1,4,,,61.2,38.8,468,297,388,211,18,22,13,15,3,3,1,2,14,38,16,7,,2,,,4231,4231,,FullTime
saison-2025-2026-jupiler-pro-league-20-standard-de-liege-vs-stvv,2025/26,2025-12-26,20,Journée 20,Jasper Vergoote,Standard de Liège,STVV,1,2,5,16,2,3,3,10,,3,1,5,7,11,1,2,1,,30.8,69.2,289,669,192,589,12,10,7,6,1,1,,3,31,28,10,4,1,2,,2,3412,4231,,FullTime
saison-2025-2026-jupiler-pro-league-20-kaa-gent-vs-kvc-westerlo,2025/26,2025-12-27,20,Journée 20,Simon Bourdeaud'hui,KAA Gent,KVC Westerlo,2,0,17,14,5,5,8,7,4,2,4,3,17,15,1,1,,,43.3,56.7,361,477,285,394,14,11,10,8,4,2,5,,43,18,15,17,2,,2,2,532,4231,,FullTime
saison-2025-2026-jupiler-pro-league-20-kv-mechelen-vs-fcv-dender-eh,2025/26,2025-12-27,20,Journée 20,Massimiliano Ledda,KV Mechelen,Dender EH,1,1,14,17,6,9,5,3,3,5,5,6,13,11,2,3,,1,54.4,45.6,416,344,316,231,21,25,12,11,8,5,,4,34,25,9,11,,1,1,,3412,532,,FullTime
saison-2025-2026-jupiler-pro-league-20-raal-la-louviere-vs-oh-leuven,2025/26,2025-12-27,20,Journée 20,Jan Boterberg,RAAL La Louvière,OH Leuven,0,0,15,11,7,3,2,8,6,,13,5,7,13,1,3,,,52.1,47.9,342,330,266,269,19,7,14,7,3,7,3,3,20,53,13,6,,,2,2,3412,532,,FullTime
saison-2025-2026-jupiler-pro-league-20-royal-antwerp-fc-vs-sv-zulte-waregem,2025/26,2025-12-27,20,Journée 20,Bert Verbeke,Royal Antwerp FC,SV Zulte Waregem,2,1,7,16,3,6,3,5,1,5,5,7,19,5,3,,,,41.7,58.3,301,431,207,328,13,9,6,4,5,1,1,3,43,36,5,17,1,1,,2,3412,343,,FullTime
saison-2025-2026-jupiler-pro-league-21-club-brugge-vs-raal-la-louviere,2025/26,2026-01-16,21,Journée 21,Simon Bourdeaud'hui,Club Brugge,RAAL La Louvière,2,3,11,14,6,5,3,8,2,1,2,7,9,11,,3,1,,54.6,45.4,456,356,372,296,20,10,10,9,2,4,,5,40,19,9,9,2,1,1,2,433,3412,,FullTime
saison-2025-2026-jupiler-pro-league-21-kvc-westerlo-vs-cercle-brugge,2025/26,2026-01-17,21,Journée 21,Bert Put,KVC Westerlo,Cercle Brugge KSV,0,2,17,8,6,2,9,2,2,4,7,4,11,11,,4,,,68.9,31.1,560,253,451,156,22,23,13,14,1,6,,5,21,40,11,10,,1,3,1,4231,4132,,FullTime
saison-2025-2026-jupiler-pro-league-21-sv-zulte-waregem-vs-krc-genk,2025/26,2026-01-17,21,Journée 21,Lothar D'Hondt,SV Zulte Waregem,KRC Genk,2,1,22,7,10,5,4,2,8,,4,,9,14,2,2,,,38.8,61.2,382,620,318,546,17,14,9,9,4,7,1,1,23,40,14,9,,1,3,,343,4231,,FullTime
saison-2025-2026-jupiler-pro-league-21-union-sg-vs-kv-mechelen,2025/26,2026-01-17,21,Journée 21,Bram van Driessche,Royale Union St-Gilloise,KV Mechelen,1,0,15,4,6,1,9,3,,,7,,16,13,4,2,,,41.2,58.8,323,475,229,361,24,21,13,13,1,5,,,17,30,13,15,1,,1,,343,3412,,FullTime
saison-2025-2026-jupiler-pro-league-21-fcv-dender-eh-vs-royal-antwerp-fc,2025/26,2026-01-18,21,Journée 21,Michiel Allaerts,Dender EH,Royal Antwerp FC,1,0,10,7,1,,4,4,5,3,2,5,14,9,2,,,,47.5,52.5,356,392,247,299,21,20,13,10,,,2,1,51,38,9,13,1,,,1,3412,343,,FullTime
saison-2025-2026-jupiler-pro-league-21-kaa-gent-vs-rsc-anderlecht,2025/26,2026-01-18,21,Journée 21,Lawrence Visser,KAA Gent,Royal Sporting Club Anderlecht,4,2,18,10,6,4,10,4,2,2,9,8,12,18,4,3,,,51.7,48.3,393,373,337,307,18,11,9,9,2,2,,1,28,27,18,12,2,2,1,1,4231,433,,FullTime
saison-2025-2026-jupiler-pro-league-21-sporting-charleroi-vs-standard-de-liege,2025/26,2026-01-18,21,Journée 21,Jasper Vergoote,Sporting de Charleroi,Standard de Liège,2,0,15,13,5,4,5,6,5,3,8,9,14,10,2,1,,,40.4,59.6,333,490,276,421,12,19,7,15,4,3,5,1,38,26,10,13,2,,1,1,4231,4231,,FullTime
saison-2025-2026-jupiler-pro-league-21-stvv-vs-oh-leuven,2025/26,2026-01-18,21,Journée 21,Massimiliano Ledda,STVV,OH Leuven,1,0,21,20,7,3,11,8,3,9,2,3,9,18,3,6,,,48.8,51.2,435,449,341,356,19,12,9,10,3,7,2,1,37,21,17,8,,,5,3,4231,3421,,FullTime
saison-2025-2026-jupiler-pro-league-22-standard-de-liege-vs-kaa-gent,2025/26,2026-01-23,22,Journée 22,Lothar D'Hondt,Standard de Liège,KAA Gent,0,4,13,15,1,7,10,5,2,3,8,4,13,11,2,,,,58.6,41.4,493,362,400,284,12,19,5,6,3,1,3,3,30,43,10,13,,4,1,2,4231,4231,,FullTime
saison-2025-2026-jupiler-pro-league-22-club-brugge-vs-sv-zulte-waregem,2025/26,2026-01-24,22,Journée 22,Bert Verbeke,Club Brugge,SV Zulte Waregem,4,3,17,5,7,4,6,,4,1,7,,11,13,3,3,,,71.3,28.7,717,293,664,235,11,11,5,8,1,3,4,2,14,31,13,11,4,3,1,,433,343,,FullTime
saison-2025-2026-jupiler-pro-league-22-oh-leuven-vs-union-sg,2025/26,2026-01-24,22,Journée 22,Michiel Allaerts,OH Leuven,Royale Union St-Gilloise,0,0,17,13,5,2,6,6,6,5,4,9,16,15,3,2,,,43.7,56.3,335,429,253,343,18,20,13,13,2,5,4,3,32,34,14,15,,,2,2,3421,343,,FullTime
saison-2025-2026-jupiler-pro-league-22-raal-la-louviere-vs-stvv,2025/26,2026-01-24,22,Journée 22,Kevin van Damme,RAAL La Louvière,STVV,1,2,6,15,1,6,4,6,1,3,6,5,10,12,2,2,,,40.4,59.6,312,487,223,406,10,21,8,11,4,,,3,22,34,12,10,1,2,1,2,3412,4231,,FullTime
saison-2025-2026-jupiler-pro-league-22-krc-genk-vs-cercle-brugge,2025/26,2026-01-25,22,Journée 22,Nathan Verboomen,KRC Genk,Cercle Brugge KSV,1,1,14,11,6,2,5,6,3,3,4,2,9,9,1,,,,55.6,44.4,508,394,409,306,14,18,7,12,1,5,,4,38,21,9,9,1,1,1,1,4231,4222,,FullTime
saison-2025-2026-jupiler-pro-league-22-kv-mechelen-vs-kvc-westerlo,2025/26,2026-01-25,22,Journée 22,Erik Lambrechts,KV Mechelen,KVC Westerlo,1,1,14,12,2,4,8,3,4,5,9,5,10,10,2,1,,,62.6,37.4,510,315,437,232,17,15,9,9,3,1,5,,20,33,10,8,1,1,3,1,3412,4231,,FullTime
saison-2025-2026-jupiler-pro-league-22-royal-antwerp-fc-vs-sporting-charleroi,2025/26,2026-01-25,22,Journée 22,Jan Boterberg,Royal Antwerp FC,Sporting de Charleroi,0,2,11,12,4,3,6,6,1,3,4,6,13,15,2,2,,,53.1,46.9,383,339,289,256,28,20,19,12,1,4,3,2,28,29,15,12,,1,1,1,343,4231,,FullTime
saison-2025-2026-jupiler-pro-league-22-rsc-anderlecht-vs-fcv-dender-eh,2025/26,2026-01-25,22,Journée 22,Wesli De Cremer,Royal Sporting Club Anderlecht,Dender EH,0,0,20,9,3,2,10,5,7,2,6,6,13,16,1,4,,,61.5,38.5,474,291,390,199,19,17,12,13,2,2,1,,31,38,15,11,,,2,2,4231,3412,,FullTime
saison-2025-2026-jupiler-pro-league-23-raal-la-louviere-vs-kaa-gent,2025/26,2026-01-30,23,Journée 23,Massimiliano Ledda,RAAL La Louvière,KAA Gent,1,1,6,8,2,3,2,4,2,1,6,5,13,12,,,,,43,57,343,460,265,395,11,13,7,10,2,1,,,13,37,12,10,,1,,1,3412,4231,,FullTime
saison-2025-2026-jupiler-pro-league-23-cercle-brugge-vs-royal-antwerp-fc,2025/26,2026-01-31,23,Journée 23,Simon Bourdeaud'hui,Cercle Brugge KSV,Royal Antwerp FC,0,4,3,15,,9,1,5,2,1,2,5,10,13,1,1,1,,30.2,69.8,238,571,148,487,17,13,8,6,6,,2,4,27,27,12,9,,2,,1,4222,3412,,FullTime
saison-2025-2026-jupiler-pro-league-23-stvv-vs-sporting-charleroi,2025/26,2026-01-31,23,Journée 23,Bert Verbeke,STVV,Sporting de Charleroi,0,2,13,15,2,5,7,6,4,4,6,6,6,16,2,3,1,,47.6,52.4,436,484,348,410,14,8,6,7,3,2,1,1,25,25,13,6,,1,,,4231,4231,,FullTime
saison-2025-2026-jupiler-pro-league-23-sv-zulte-waregem-vs-kvc-westerlo,2025/26,2026-01-31,23,Journée 23,Bram van Driessche,SV Zulte Waregem,KVC Westerlo,0,1,19,7,5,4,7,1,7,2,7,3,8,11,1,2,,,56.6,43.4,519,403,420,323,16,18,9,9,3,5,4,2,12,52,11,8,,1,2,2,4411,433,,FullTime
saison-2025-2026-jupiler-pro-league-23-fcv-dender-eh-vs-krc-genk,2025/26,2026-02-01,23,Journée 23,Nicolas Laforge,Dender EH,KRC Genk,1,2,22,8,7,4,9,3,6,1,8,2,12,10,4,1,,,50.8,49.2,451,468,369,383,12,16,6,10,2,7,1,3,15,44,10,11,,2,5,1,3412,343,,FullTime
saison-2025-2026-jupiler-pro-league-23-oh-leuven-vs-kv-mechelen,2025/26,2026-02-01,23,Journée 23,Lawrence Visser,OH Leuven,KV Mechelen,2,2,16,13,5,7,8,3,3,3,7,5,19,14,3,6,,,46.7,53.3,326,371,233,288,23,19,18,11,5,3,1,,31,20,14,18,1,1,2,1,3421,3421,,FullTime
saison-2025-2026-jupiler-pro-league-23-standard-de-liege-vs-rsc-anderlecht,2025/26,2026-02-01,23,Journée 23,Erik Lambrechts,Standard de Liège,Royal Sporting Club Anderlecht,2,0,9,15,3,4,3,9,3,2,9,4,10,19,3,4,,,36.1,63.9,280,501,185,394,18,19,10,15,3,1,,1,53,23,19,10,1,,,5,343,4231,,FullTime
saison-2025-2026-jupiler-pro-league-23-union-sg-vs-club-brugge,2025/26,2026-02-01,23,Journée 23,Nathan Verboomen,Royale Union St-Gilloise,Club Brugge,1,0,13,8,5,2,6,3,2,3,5,5,12,11,3,3,,,30.1,69.9,278,642,206,566,14,15,9,9,2,4,1,,33,23,11,12,1,,2,,3421,433,,FullTime
saison-2025-2026-jupiler-pro-league-24-kvc-westerlo-vs-stvv,2025/26,2026-02-06,24,Journée 24,Wesli De Cremer,KVC Westerlo,STVV,0,4,8,17,1,6,6,7,1,4,6,5,13,12,1,1,1,,50.3,49.7,421,417,353,337,10,17,8,11,2,1,3,2,14,17,12,12,,3,1,1,4231,4231,,FullTime
saison-2025-2026-jupiler-pro-league-24-kaa-gent-vs-oh-leuven,2025/26,2026-02-07,24,Journée 24,Kevin van Damme,KAA Gent,OH Leuven,1,3,23,13,3,4,10,4,10,5,6,5,15,12,2,5,,,63.6,36.4,459,272,393,193,12,14,8,8,1,2,2,2,19,36,12,14,1,2,1,,4231,541,,FullTime
saison-2025-2026-jupiler-pro-league-24-sporting-charleroi-vs-cercle-brugge,2025/26,2026-02-07,24,Journée 24,Bert Put,Sporting de Charleroi,Cercle Brugge KSV,3,4,28,11,9,7,9,2,10,2,6,3,12,12,2,3,1,1,73.4,26.6,527,192,459,124,14,14,5,4,3,5,1,,20,48,12,11,1,1,,,4231,4222,,FullTime
saison-2025-2026-jupiler-pro-league-24-sv-zulte-waregem-vs-fcv-dender-eh,2025/26,2026-02-07,24,Journée 24,Anthony Letellier,SV Zulte Waregem,Dender EH,1,0,12,7,3,4,6,3,3,,6,1,11,12,1,4,,,49.7,50.3,410,413,340,332,10,13,7,7,4,2,2,2,23,31,11,10,1,,1,1,343,3412,,FullTime
saison-2025-2026-jupiler-pro-league-24-club-brugge-vs-standard-de-liege,2025/26,2026-02-08,24,Journée 24,Bram van Driessche,Club Brugge,Standard de Liège,3,0,22,5,11,,5,2,6,3,7,,8,10,,2,,,71.4,28.6,788,318,728,247,12,13,7,6,,9,,,7,38,9,7,2,,2,,4231,343,,FullTime
saison-2025-2026-jupiler-pro-league-24-krc-genk-vs-rsc-anderlecht,2025/26,2026-02-08,24,Journée 24,Jasper Vergoote,KRC Genk,Royal Sporting Club Anderlecht,2,0,18,11,8,3,5,4,5,4,5,8,10,20,2,1,,,52.8,47.2,413,373,355,310,17,16,12,10,3,6,3,1,22,27,19,10,2,,1,1,3241,4231,,FullTime
saison-2025-2026-jupiler-pro-league-24-kv-mechelen-vs-royal-antwerp-fc,2025/26,2026-02-08,24,Journée 24,Lothar D'Hondt,KV Mechelen,Royal Antwerp FC,2,0,8,16,2,5,4,4,2,7,3,6,9,15,1,1,,,33.4,66.6,263,520,177,431,25,32,16,16,5,,3,2,47,17,13,9,2,,1,,343,3142,,FullTime
saison-2025-2026-jupiler-pro-league-24-union-sg-vs-raal-la-louviere,2025/26,2026-02-08,24,Journée 24,Nicolas Laforge,Royale Union St-Gilloise,RAAL La Louvière,2,1,16,6,8,1,5,4,3,1,9,1,13,11,4,4,,,62.5,37.5,424,256,341,165,16,15,12,8,,5,9,1,27,46,10,10,1,,5,,3412,3412,,FullTime
saison-2025-2026-jupiler-pro-league-25-kv-mechelen-vs-krc-genk,2025/26,2026-02-13,25,Journée 25,Jan Boterberg,KV Mechelen,KRC Genk,2,3,13,12,6,7,6,4,1,1,2,4,11,13,2,3,,,42.8,57.2,365,501,292,414,13,14,10,11,4,4,3,,24,31,13,10,1,,,1,3412,343,,FullTime
saison-2025-2026-jupiler-pro-league-25-oh-leuven-vs-fcv-dender-eh,2025/26,2026-02-14,25,Journée 25,Bram van Driessche,OH Leuven,Dender EH,3,2,20,13,8,4,8,3,4,6,10,7,9,10,2,1,,,41.2,58.8,277,415,199,323,23,20,12,14,1,5,6,4,34,36,9,9,2,1,1,1,3421,3412,,FullTime
saison-2025-2026-jupiler-pro-league-25-sporting-charleroi-vs-kaa-gent,2025/26,2026-02-14,25,Journée 25,Erik Lambrechts,Sporting de Charleroi,KAA Gent,2,3,25,11,7,7,9,3,9,1,12,4,8,8,,3,,,63,37,513,308,428,234,7,12,3,9,4,5,,,13,57,8,8,2,2,1,2,4231,4231,,FullTime
saison-2025-2026-jupiler-pro-league-25-standard-de-liege-vs-union-sg,2025/26,2026-02-14,25,Journée 25,Lawrence Visser,Standard de Liège,Royale Union St-Gilloise,1,1,7,16,2,3,4,8,1,5,3,5,8,16,4,4,,,32.7,67.3,236,490,138,380,12,12,7,7,2,1,4,2,44,25,15,8,1,1,2,2,343,3412,,FullTime
saison-2025-2026-jupiler-pro-league-25-cercle-brugge-vs-club-brugge,2025/26,2026-02-15,25,Journée 25,Lothar D'Hondt,Cercle Brugge KSV,Club Brugge,1,2,18,10,5,3,9,3,4,4,2,8,9,14,1,3,,,37.2,62.8,315,545,241,441,27,21,11,8,1,4,1,,23,32,14,9,1,2,2,,442,4231,,FullTime
saison-2025-2026-jupiler-pro-league-25-royal-antwerp-fc-vs-kvc-westerlo,2025/26,2026-02-15,25,Journée 25,Bert Verbeke,Royal Antwerp FC,KVC Westerlo,0,2,5,12,1,8,4,2,,2,4,2,16,15,2,4,,,50.6,49.4,303,301,179,179,32,15,23,11,6,1,5,1,20,34,15,16,,1,1,,3142,4231,,FullTime
saison-2025-2026-jupiler-pro-league-25-rsc-anderlecht-vs-raal-la-louviere,2025/26,2026-02-15,25,Journée 25,Wesli De Cremer,Royal Sporting Club Anderlecht,RAAL La Louvière,0,0,19,7,5,,9,5,5,2,8,4,15,9,1,5,,,66.9,33.1,531,254,443,177,20,16,12,9,,5,4,1,25,37,9,15,,,1,1,4231,3412,,FullTime
saison-2025-2026-jupiler-pro-league-25-stvv-vs-sv-zulte-waregem,2025/26,2026-02-15,25,Journée 25,Nathan Verboomen,STVV,SV Zulte Waregem,3,2,17,12,7,3,7,2,3,7,7,6,11,12,3,3,,1,58.6,41.4,408,292,277,163,15,21,8,12,1,3,2,,40,50,11,9,1,1,1,1,433,3412,,FullTime
saison-2025-2026-jupiler-pro-league-26-kaa-gent-vs-cercle-brugge,2025/26,2026-02-20,26,Journée 26,Jan Boterberg,KAA Gent,Cercle Brugge KSV,0,1,5,23,1,4,2,10,2,9,4,10,7,10,,4,1,,44.8,55.2,334,410,227,321,18,19,11,15,3,1,3,4,28,38,9,7,,1,,3,4231,4312,,FullTime
saison-2025-2026-jupiler-pro-league-26-club-brugge-vs-oh-leuven,2025/26,2026-02-21,26,Journée 26,Jasper Vergoote,Club Brugge,OH Leuven,2,1,21,12,10,3,5,7,6,2,12,4,8,14,,1,,,63.6,36.4,530,302,460,225,12,20,7,14,2,7,1,1,22,33,13,6,2,1,2,3,4231,3421,,FullTime
saison-2025-2026-jupiler-pro-league-26-fcv-dender-eh-vs-stvv,2025/26,2026-02-21,26,Journée 26,Simon Bourdeaud'hui,Dender EH,STVV,1,4,11,14,4,4,5,4,2,6,4,9,14,9,3,,,,38.8,61.2,348,560,283,473,20,15,9,10,,3,1,3,29,20,8,13,,4,,,3412,433,,FullTime
saison-2025-2026-jupiler-pro-league-26-union-sg-vs-royal-antwerp-fc,2025/26,2026-02-21,26,Journée 26,Bram van Driessche,Royale Union St-Gilloise,Royal Antwerp FC,2,1,20,4,6,2,7,1,7,1,10,1,13,12,2,2,,,62.1,37.9,502,323,412,214,21,25,11,12,1,5,2,2,14,27,12,13,1,1,4,,3421,3421,,FullTime
saison-2025-2026-jupiler-pro-league-26-krc-genk-vs-standard-de-liege,2025/26,2026-02-22,26,Journée 26,Lothar D'Hondt,KRC Genk,Standard de Liège,0,3,20,12,7,3,7,6,6,3,9,5,5,7,,,,,71.2,28.8,650,261,574,176,9,12,6,11,,7,6,1,18,39,7,4,,2,2,1,433,343,,FullTime
saison-2025-2026-jupiler-pro-league-26-kvc-westerlo-vs-sporting-charleroi,2025/26,2026-02-22,26,Journée 26,Kevin van Damme,KVC Westerlo,Sporting de Charleroi,2,1,12,16,5,2,5,9,2,5,,6,10,13,2,2,,,46.4,53.6,364,402,284,329,14,13,12,5,1,3,2,6,32,11,13,9,,1,1,2,4231,4231,,FullTime
saison-2025-2026-jupiler-pro-league-26-raal-la-louviere-vs-kv-mechelen,2025/26,2026-02-22,26,Journée 26,Michiel Allaerts,RAAL La Louvière,KV Mechelen,0,2,7,6,2,2,3,1,2,3,4,5,13,15,1,,1,,26.2,73.8,215,640,152,579,14,15,8,7,,2,,4,18,42,15,11,,2,,,3412,3421,,FullTime
saison-2025-2026-jupiler-pro-league-26-sv-zulte-waregem-vs-rsc-anderlecht,2025/26,2026-02-22,26,Journée 26,Bert Verbeke,SV Zulte Waregem,Royal Sporting Club Anderlecht,2,4,31,12,6,5,15,1,10,6,6,4,9,12,1,1,,,54.5,45.5,470,405,394,336,19,23,12,8,1,4,2,5,12,41,12,8,1,3,1,,3421,4231,,FullTime
saison-2025-2026-jupiler-pro-league-27-standard-de-liege-vs-raal-la-louviere,2025/26,2026-02-27,27,Journée 27,Simon Bourdeaud'hui,Standard de Liège,RAAL La Louvière,1,1,9,12,2,3,5,5,2,4,4,3,12,14,1,3,,,52.9,47.1,364,333,269,234,20,18,7,12,2,1,5,2,39,27,11,11,,1,2,1,343,3412,,FullTime
saison-2025-2026-jupiler-pro-league-27-kv-mechelen-vs-sv-zulte-waregem,2025/26,2026-02-28,27,Journée 27,Jasper Vergoote,KV Mechelen,SV Zulte Waregem,2,1,5,16,3,5,2,10,,1,1,8,13,11,1,2,,,40.5,59.5,328,481,243,401,36,15,12,12,4,1,2,1,28,16,11,12,2,1,1,2,3412,352,,FullTime
saison-2025-2026-jupiler-pro-league-27-royal-antwerp-fc-vs-stvv,2025/26,2026-02-28,27,Journée 27,Wesli De Cremer,Royal Antwerp FC,STVV,1,0,12,10,6,3,4,4,2,3,3,4,11,7,2,1,,,30.3,69.7,242,562,162,482,21,19,15,13,3,5,2,2,34,21,6,11,,,2,2,3421,433,,FullTime
saison-2025-2026-jupiler-pro-league-27-rsc-anderlecht-vs-oh-leuven,2025/26,2026-02-28,27,Journée 27,Lothar D'Hondt,Royal Sporting Club Anderlecht,OH Leuven,5,1,14,7,6,2,4,2,4,3,9,8,17,13,4,4,,,56.6,43.4,447,337,379,261,13,17,8,10,1,2,1,1,24,26,13,16,2,,,,4231,3421,,FullTime
saison-2025-2026-jupiler-pro-league-27-cercle-brugge-vs-fcv-dender-eh,2025/26,2026-03-01,27,Journée 27,Nathan Verboomen,Cercle Brugge KSV,Dender EH,0,0,22,11,8,6,9,4,5,1,9,4,10,10,1,2,,,48.1,51.9,318,361,223,260,28,21,17,14,6,8,4,,18,51,9,10,,,4,1,442,442,,FullTime
saison-2025-2026-jupiler-pro-league-27-krc-genk-vs-kaa-gent,2025/26,2026-03-01,27,Journée 27,Nicolas Laforge,KRC Genk,KAA Gent,3,0,16,14,6,2,9,7,1,5,7,8,9,9,2,,,,46.7,53.3,384,423,304,353,23,10,15,6,2,3,1,1,39,26,6,9,3,,3,2,4231,4231,,FullTime
saison-2025-2026-jupiler-pro-league-27-kvc-westerlo-vs-union-sg,2025/26,2026-03-01,27,Journée 27,Jan Boterberg,KVC Westerlo,Royale Union St-Gilloise,0,0,8,6,4,1,4,3,,2,5,3,6,16,1,3,1,,38.8,61.2,320,506,237,426,22,24,13,11,1,4,2,10,20,24,16,6,,,2,,4231,352,,FullTime
saison-2025-2026-jupiler-pro-league-27-sporting-charleroi-vs-club-brugge,2025/26,2026-03-01,27,Journée 27,Bert Verbeke,Sporting de Charleroi,Club Brugge,1,2,9,16,3,5,2,7,4,4,2,4,8,9,5,1,1,,38.4,61.6,353,556,267,484,20,13,16,7,3,2,2,3,22,11,8,8,,1,,1,4231,4231,,FullTime
saison-2025-2026-jupiler-pro-league-28-raal-la-louviere-vs-royal-antwerp-fc,2025/26,2026-03-06,28,Journée 28,Jasper Vergoote,RAAL La Louvière,Royal Antwerp FC,0,0,21,5,10,5,6,,5,,7,3,9,21,1,1,,1,60.2,39.8,447,306,363,229,26,24,17,18,5,9,2,,14,39,20,9,,,9,,3412,3421,,FullTime
saison-2025-2026-jupiler-pro-league-28-fcv-dender-eh-vs-sporting-charleroi,2025/26,2026-03-07,28,Journée 28,Jan Boterberg,Dender EH,Sporting de Charleroi,2,2,15,22,5,7,4,8,6,7,5,13,9,11,1,1,,,43,57,318,404,229,329,15,18,11,8,4,2,1,,37,22,11,9,2,2,3,2,4231,4231,,FullTime
saison-2025-2026-jupiler-pro-league-28-oh-leuven-vs-kvc-westerlo,2025/26,2026-03-07,28,Journée 28,Nathan Verboomen,OH Leuven,KVC Westerlo,0,1,21,9,4,2,13,4,4,3,9,5,13,15,2,3,,,60.9,39.1,355,243,262,157,18,10,11,6,1,4,9,,13,30,15,12,,1,7,1,3412,4231,,FullTime
saison-2025-2026-jupiler-pro-league-28-union-sg-vs-krc-genk,2025/26,2026-03-07,28,Journée 28,Lawrence Visser,Royale Union St-Gilloise,KRC Genk,2,1,12,5,4,3,6,1,2,1,5,1,9,9,3,2,,,42.4,57.6,396,552,308,448,16,18,13,8,2,2,3,1,18,33,9,8,2,,,,3421,433,,FullTime
saison-2025-2026-jupiler-pro-league-28-club-brugge-vs-rsc-anderlecht,2025/26,2026-03-08,28,Journée 28,Erik Lambrechts,Club Brugge,Royal Sporting Club Anderlecht,2,2,24,13,9,5,13,5,2,3,11,2,7,14,1,3,,,68.5,31.5,597,278,505,197,14,15,11,6,3,6,2,1,12,36,14,6,1,1,3,3,4231,4231,,FullTime
saison-2025-2026-jupiler-pro-league-28-kaa-gent-vs-kv-mechelen,2025/26,2026-03-08,28,Journée 28,Lothar D'Hondt,KAA Gent,KV Mechelen,3,1,13,8,5,3,6,2,2,3,3,5,9,19,2,2,,,45.5,54.5,383,470,297,380,16,8,7,6,2,3,1,2,35,27,18,9,2,1,1,,3412,343,,FullTime
saison-2025-2026-jupiler-pro-league-28-stvv-vs-cercle-brugge,2025/26,2026-03-08,28,Journée 28,Bert Verbeke,STVV,Cercle Brugge KSV,2,1,15,18,7,6,1,5,7,7,7,5,8,12,,4,,,61.3,38.7,557,340,462,256,23,18,10,11,5,5,,,55,38,12,8,2,,2,1,433,442,,FullTime
saison-2025-2026-jupiler-pro-league-28-sv-zulte-waregem-vs-standard-de-liege,2025/26,2026-03-08,28,Journée 28,Nicolas Laforge,SV Zulte Waregem,Standard de Liège,0,1,19,9,5,4,7,4,7,1,3,2,10,9,,2,,,49.3,50.7,498,516,403,428,15,11,7,8,3,5,1,2,8,29,8,10,,,1,,3412,343,,FullTime
saison-2025-2026-jupiler-pro-league-29-kaa-gent-vs-sv-zulte-waregem,2025/26,2026-03-13,29,Journée 29,Simon Bourdeaud'hui,KAA Gent,SV Zulte Waregem,2,0,11,5,5,1,4,3,2,1,2,6,13,13,2,1,,,51.3,48.7,434,408,356,311,11,9,6,6,1,3,2,,39,31,12,11,,,2,1,3421,532,,FullTime
saison-2025-2026-jupiler-pro-league-29-kvc-westerlo-vs-club-brugge,2025/26,2026-03-14,29,Journée 29,Bram van Driessche,KVC Westerlo,Club Brugge,1,2,14,6,3,3,6,1,5,2,11,2,10,18,1,2,,,51.6,48.4,457,441,373,361,8,13,7,9,1,3,,4,12,47,17,10,1,2,,1,4231,4231,,FullTime
saison-2025-2026-jupiler-pro-league-29-sporting-charleroi-vs-oh-leuven,2025/26,2026-03-14,29,Journée 29,Jasper Vergoote,Sporting de Charleroi,OH Leuven,0,2,19,10,5,5,9,1,5,4,10,3,5,15,1,1,,,64,36,435,254,358,178,10,15,8,7,3,4,2,2,13,36,15,5,,1,1,1,4231,3421,,FullTime
saison-2025-2026-jupiler-pro-league-29-union-sg-vs-fcv-dender-eh,2025/26,2026-03-14,29,Journée 29,Bert Verbeke,Royale Union St-Gilloise,Dender EH,2,0,9,5,3,1,2,3,4,1,5,5,10,8,,1,,,49.3,50.7,447,462,357,360,14,16,8,8,1,1,2,,26,26,8,10,,,,,3331,433,,FullTime
saison-2025-2026-jupiler-pro-league-29-cercle-brugge-vs-raal-la-louviere,2025/26,2026-03-15,29,Journée 29,Jan Boterberg,Cercle Brugge KSV,RAAL La Louvière,1,3,25,15,10,5,10,5,5,5,5,7,8,11,2,2,,,63.3,36.7,457,265,364,159,17,24,11,12,2,9,3,1,31,40,11,8,1,2,2,,442,3412,,FullTime
saison-2025-2026-jupiler-pro-league-29-krc-genk-vs-stvv,2025/26,2026-03-15,29,Journée 29,Lothar D'Hondt,KRC Genk,STVV,1,0,13,8,4,1,6,4,3,3,5,8,10,8,2,,,,35.8,64.2,343,623,276,552,19,13,9,10,1,3,1,,31,22,6,10,1,,,,4141,4231,,FullTime
saison-2025-2026-jupiler-pro-league-29-kv-mechelen-vs-rsc-anderlecht,2025/26,2026-03-15,29,Journée 29,Nicolas Laforge,KV Mechelen,Royal Sporting Club Anderlecht,1,0,13,17,5,4,5,5,3,8,5,4,9,19,2,6,,1,40.3,59.7,281,427,203,338,18,16,8,10,4,4,1,1,34,27,19,8,,,2,3,343,4231,,FullTime
saison-2025-2026-jupiler-pro-league-29-royal-antwerp-fc-vs-standard-de-liege,2025/26,2026-03-15,29,Journée 29,Nathan Verboomen,Royal Antwerp FC,Standard de Liège,1,1,9,12,2,6,4,5,3,1,5,3,11,10,,3,1,,40.7,59.3,342,500,251,388,17,11,11,6,4,1,2,,39,17,10,10,,1,,5,3421,3421,,FullTime
saison-2025-2026-jupiler-pro-league-30-club-brugge-vs-kv-mechelen,2025/26,2026-03-22,30,Journée 30,Lawrence Visser,Club Brugge,KV Mechelen,4,1,24,5,9,1,10,2,5,2,15,2,10,6,,1,,,59.5,40.5,503,356,424,272,26,14,11,12,,5,1,1,12,28,6,10,4,1,3,,4231,343,,FullTime
saison-2025-2026-jupiler-pro-league-30-fcv-dender-eh-vs-kaa-gent,2025/26,2026-03-22,30,Journée 30,Wesli De Cremer,Dender EH,KAA Gent,1,3,15,12,4,8,6,3,5,1,6,3,12,5,2,2,,,54.5,45.5,430,356,347,276,19,16,12,10,5,3,,3,30,31,4,11,1,2,1,,4231,3412,,FullTime
saison-2025-2026-jupiler-pro-league-30-oh-leuven-vs-royal-antwerp-fc,2025/26,2026-03-22,30,Journée 30,Nicolas Laforge,OH Leuven,Royal Antwerp FC,1,0,17,5,4,,7,3,6,2,5,5,11,11,3,3,,1,52.8,47.2,362,332,289,248,22,19,11,14,,3,3,1,19,36,11,11,1,,4,,541,3421,,FullTime
saison-2025-2026-jupiler-pro-league-30-raal-la-louviere-vs-krc-genk,2025/26,2026-03-22,30,Journée 30,Nathan Verboomen,RAAL La Louvière,KRC Genk,5,5,18,14,8,7,6,5,4,2,10,3,10,9,2,1,,,44.9,55.1,349,445,262,356,19,30,11,17,2,4,,4,24,54,9,10,3,3,,3,3412,4141,,FullTime
saison-2025-2026-jupiler-pro-league-30-rsc-anderlecht-vs-cercle-brugge,2025/26,2026-03-22,30,Journée 30,Simon Bourdeaud'hui,Royal Sporting Club Anderlecht,Cercle Brugge KSV,2,3,16,14,8,5,2,7,6,2,8,7,14,11,1,2,,,70.9,29.1,644,250,561,178,18,20,11,14,2,5,1,4,23,42,10,14,2,2,3,2,4231,3412,,FullTime
saison-2025-2026-jupiler-pro-league-30-standard-de-liege-vs-kvc-westerlo,2025/26,2026-03-22,30,Journée 30,Bert Put,Standard de Liège,KVC Westerlo,0,0,7,21,1,3,3,10,3,8,6,9,14,6,3,1,,,46.6,53.4,336,387,243,312,21,13,14,8,4,1,8,1,27,14,5,13,,,,1,3421,4231,,FullTime
saison-2025-2026-jupiler-pro-league-30-stvv-vs-union-sg,2025/26,2026-03-22,30,Journée 30,Jasper Vergoote,STVV,Royale Union St-Gilloise,1,3,9,18,2,8,3,6,4,4,5,5,2,4,,,,,59.4,40.6,636,435,551,361,20,18,11,10,5,1,2,,19,25,4,2,,3,2,3,433,343,,FullTime
saison-2025-2026-jupiler-pro-league-30-sv-zulte-waregem-vs-sporting-charleroi,2025/26,2026-03-22,30,Journée 30,Bram van Driessche,SV Zulte Waregem,Sporting de Charleroi,1,0,10,12,3,4,4,4,3,4,4,10,7,9,1,2,,,36.7,63.3,324,539,249,459,16,21,11,8,4,2,1,4,37,17,9,6,1,,1,1,3412,4231,,FullTime
saison-2025-2026-jupiler-pro-league-31-royal-antwerp-fc-vs-krc-genk,2025/26,2026-04-03,31,Journée 31,Lothar D'Hondt,Royal Antwerp FC,KRC Genk,1,2,13,12,2,5,5,7,6,,3,,12,15,3,2,,,56.2,43.8,471,372,390,287,19,27,16,18,2,1,6,,18,46,13,11,,1,1,2,352,3421,,FullTime
saison-2025-2026-jupiler-pro-league-31-oh-leuven-vs-standard-de-liege,2025/26,2026-04-04,31,Journée 31,Bert Verbeke,OH Leuven,Standard de Liège,1,3,14,12,5,7,5,2,4,3,7,4,7,12,,,,,55,45,443,367,345,264,12,11,8,7,4,3,3,1,17,28,11,6,1,1,,3,343,3421,,FullTime
saison-2025-2026-jupiler-pro-league-31-sv-zulte-waregem-vs-cercle-brugge,2025/26,2026-04-04,31,Journée 31,Lawrence Visser,SV Zulte Waregem,Cercle Brugge KSV,2,2,6,10,2,5,1,1,3,4,8,3,12,16,2,3,,,54,46,397,339,282,233,25,17,13,11,3,,2,4,28,30,15,10,2,1,1,1,3412,3421,,FullTime
saison-2025-2026-jupiler-pro-league-31-union-sg-vs-stvv,2025/26,2026-04-04,31,Journée 31,Erik Lambrechts,Royale Union St-Gilloise,STVV,1,0,16,6,4,,3,3,9,3,7,5,9,6,3,1,,,52.3,47.7,495,457,420,363,18,18,7,9,,3,1,2,19,37,6,8,1,,1,,3421,4231,,FullTime
saison-2025-2026-jupiler-pro-league-31-kvc-westerlo-vs-sporting-charleroi,2025/26,2026-04-05,31,Journée 31,Nathan Verboomen,KVC Westerlo,Sporting de Charleroi,2,0,15,7,5,4,6,2,4,1,5,5,10,14,2,,,1,53.3,46.7,491,436,429,366,17,30,12,22,4,3,,6,22,25,14,10,1,,4,2,4231,4231,,FullTime
saison-2025-2026-jupiler-pro-league-31-club-brugge-vs-rsc-anderlecht,2025/26,2026-04-06,31,Journée 31,Jasper Vergoote,Club Brugge,Royal Sporting Club Anderlecht,4,2,30,13,9,6,8,4,13,3,8,2,11,14,2,1,,,57.9,42.1,517,379,446,298,12,12,7,10,4,3,,1,13,17,14,8,4,1,1,,4231,4231,,FullTime
saison-2025-2026-jupiler-pro-league-31-kaa-gent-vs-kv-mechelen,2025/26,2026-04-06,31,Journée 31,Jan Boterberg,KAA Gent,KV Mechelen,1,1,6,8,4,6,2,1,,1,5,10,9,7,1,,,,34.9,65.1,318,579,244,494,18,16,11,11,4,3,1,,33,17,7,9,1,1,1,1,3412,343,,FullTime
saison-2025-2026-jupiler-pro-league-31-raal-la-louviere-vs-fcv-dender-eh,2025/26,2026-04-06,31,Journée 31,Bram van Driessche,RAAL La Louvière,Dender EH,0,1,21,7,4,3,11,2,6,2,4,3,8,9,3,4,,,54.1,45.9,393,346,307,261,15,25,11,16,2,4,2,4,23,55,9,8,,,4,2,3412,4231,,FullTime
saison-2025-2026-jupiler-pro-league-32-sporting-charleroi-vs-royal-antwerp-fc,2025/26,2026-04-10,32,Journée 32,Jan Boterberg,Sporting de Charleroi,Royal Antwerp FC,2,1,13,12,5,3,6,4,2,5,2,9,12,14,3,2,,,44.9,55.1,315,385,250,319,22,17,10,13,2,3,2,2,19,14,14,11,2,,1,,4231,3142,,FullTime
saison-2025-2026-jupiler-pro-league-32-cercle-brugge-vs-raal-la-louviere,2025/26,2026-04-11,32,Journée 32,Simon Bourdeaud'hui,Cercle Brugge KSV,RAAL La Louvière,3,0,20,10,6,4,9,6,5,,9,5,6,8,1,1,,,64.6,35.4,500,274,405,173,21,17,14,13,4,3,2,1,29,24,7,6,3,,3,2,352,352,,FullTime
saison-2025-2026-jupiler-pro-league-32-standard-de-liege-vs-kvc-westerlo,2025/26,2026-04-11,32,Journée 32,Wesli De Cremer,Standard de Liège,KVC Westerlo,1,2,7,18,4,10,1,6,2,2,1,7,9,11,3,2,1,,46.5,53.5,370,421,274,331,16,13,10,6,8,3,4,2,25,31,11,9,1,,2,2,343,4231,,FullTime
saison-2025-2026-jupiler-pro-league-32-stvv-vs-club-brugge,2025/26,2026-04-11,32,Journée 32,Lothar D'Hondt,STVV,Club Brugge,1,2,19,16,5,2,6,7,8,7,10,5,13,16,3,2,,,51.8,48.2,485,460,407,379,16,13,8,9,,4,1,1,18,26,16,11,1,,3,1,4231,4231,,FullTime
saison-2025-2026-jupiler-pro-league-32-fcv-dender-eh-vs-sv-zulte-waregem,2025/26,2026-04-12,32,Journée 32,Jasper Vergoote,Dender EH,SV Zulte Waregem,1,2,15,24,5,9,5,5,5,10,2,6,12,9,2,,,,48.9,51.1,403,435,314,337,23,21,12,12,6,4,2,2,25,21,9,12,1,2,3,4,4231,3412,,FullTime
saison-2025-2026-jupiler-pro-league-32-krc-genk-vs-oh-leuven,2025/26,2026-04-12,32,Journée 32,Wim Smet,KRC Genk,OH Leuven,0,0,16,7,6,1,6,5,4,1,3,3,12,10,2,3,,,43,57,367,499,275,396,18,17,12,11,1,6,1,,35,20,9,12,,,2,1,3421,343,,FullTime
saison-2025-2026-jupiler-pro-league-32-kv-mechelen-vs-union-sg,2025/26,2026-04-12,32,Journée 32,Nicolas Laforge,KV Mechelen,Royale Union St-Gilloise,0,1,4,18,,8,2,6,2,4,2,9,7,17,1,4,,,56.4,43.6,440,333,350,254,19,17,12,13,7,,,1,18,15,15,7,,1,,3,343,343,,FullTime
saison-2025-2026-jupiler-pro-league-32-rsc-anderlecht-vs-kaa-gent,2025/26,2026-04-12,32,Journée 32,Lawrence Visser,Royal Sporting Club Anderlecht,KAA Gent,3,1,15,12,7,6,1,4,7,2,4,1,12,9,1,2,,,65.1,34.9,599,319,499,221,13,13,5,7,5,4,1,1,18,37,7,10,,,1,3,4231,3412,,FullTime
saison-2025-2026-jupiler-pro-league-33-kv-mechelen-vs-rsc-anderlecht,2025/26,2026-04-18,33,Journée 33,Erik Lambrechts,KV Mechelen,Royal Sporting Club Anderlecht,1,2,18,13,5,4,6,4,7,5,5,3,10,19,4,6,,,46.7,53.3,374,436,290,337,12,19,5,11,2,4,,4,26,26,18,10,,1,1,1,3412,4231,,FullTime
saison-2025-2026-jupiler-pro-league-33-kvc-westerlo-vs-krc-genk,2025/26,2026-04-18,33,Journée 33,Bert Verbeke,KVC Westerlo,KRC Genk,1,2,12,10,3,5,3,2,6,3,3,7,11,12,1,2,,,52.2,47.8,441,402,374,343,12,22,2,16,3,2,1,10,16,28,11,9,1,2,1,3,4231,4141,,FullTime
saison-2025-2026-jupiler-pro-league-33-royal-antwerp-fc-vs-oh-leuven,2025/26,2026-04-18,33,Journée 33,Bert Put,Royal Antwerp FC,OH Leuven,2,0,23,5,6,2,8,1,9,2,11,2,16,13,2,2,,2,55.9,44.1,357,294,302,223,21,30,12,13,2,4,7,2,24,27,12,15,2,,3,,3412,343,,FullTime
saison-2025-2026-jupiler-pro-league-33-sporting-charleroi-vs-standard-de-liege,2025/26,2026-04-18,33,Journée 33,Bram van Driessche,Sporting de Charleroi,Standard de Liège,1,2,12,8,4,2,5,3,3,3,6,4,11,8,3,1,,,58.7,41.3,484,349,405,276,18,10,9,5,,3,,,15,34,7,11,1,1,1,1,4231,343,,FullTime
saison-2025-2026-jupiler-pro-league-33-fcv-dender-eh-vs-cercle-brugge,2025/26,2026-04-19,33,Journée 33,Jan Boterberg,Dender EH,Cercle Brugge KSV,1,4,8,19,2,12,4,4,2,3,4,6,12,10,4,,,,59.1,40.9,467,323,353,236,16,13,14,4,8,1,3,4,13,27,10,11,1,3,2,3,4231,352,,FullTime
saison-2025-2026-jupiler-pro-league-33-kaa-gent-vs-stvv,2025/26,2026-04-19,33,Journée 33,Jasper Vergoote,KAA Gent,STVV,0,0,13,12,2,3,6,3,5,6,6,5,8,14,,1,,,49.5,50.5,408,427,324,330,11,9,6,6,3,2,2,,29,28,12,8,,,,4,3412,4231,,FullTime
saison-2025-2026-jupiler-pro-league-33-raal-la-louviere-vs-sv-zulte-waregem,2025/26,2026-04-19,33,Journée 33,Wim Smet,RAAL La Louvière,SV Zulte Waregem,0,2,10,7,2,3,6,3,2,1,7,1,20,11,2,,,,51.9,48.1,415,402,335,320,20,22,12,15,1,2,,,15,33,11,20,,2,4,2,352,343,,FullTime
saison-2025-2026-jupiler-pro-league-33-union-sg-vs-club-brugge,2025/26,2026-04-19,33,Journée 33,Lawrence Visser,Royale Union St-Gilloise,Club Brugge,2,1,15,11,6,5,4,5,5,1,3,3,14,12,3,5,,,45.8,54.2,341,407,258,312,18,15,11,9,4,4,2,,28,28,12,14,2,1,,,343,4231,,FullTime
saison-2025-2026-jupiler-pro-league-34-krc-genk-vs-sporting-charleroi,2025/26,2026-04-21,34,Journée 34,Nicolas Laforge,KRC Genk,Sporting de Charleroi,1,1,21,12,7,5,12,5,2,2,10,1,11,8,1,1,,,60.4,39.6,513,349,439,272,24,12,18,9,4,6,,1,29,37,8,11,,1,7,3,4231,4231,,FullTime
saison-2025-2026-jupiler-pro-league-34-oh-leuven-vs-kvc-westerlo,2025/26,2026-04-21,34,Journée 34,Kevin van Damme,OH Leuven,KVC Westerlo,0,2,12,16,5,8,6,2,1,6,8,4,10,5,1,,,,49.2,50.8,410,436,335,348,19,16,9,10,6,4,8,1,17,15,4,10,,1,2,1,343,4231,,FullTime
saison-2025-2026-jupiler-pro-league-34-standard-de-liege-vs-royal-antwerp-fc,2025/26,2026-04-21,34,Journée 34,Nathan Verboomen,Standard de Liège,Royal Antwerp FC,1,2,15,17,4,3,5,9,6,5,6,4,13,12,1,2,,,46.2,53.8,347,423,252,331,8,16,4,10,1,3,2,3,18,21,10,13,,2,2,3,3421,3412,,FullTime
saison-2025-2026-jupiler-pro-league-34-club-brugge-vs-kv-mechelen,2025/26,2026-04-22,34,Journée 34,Bram van Driessche,Club Brugge,KV Mechelen,6,1,23,8,11,2,6,4,6,2,3,3,8,12,,2,,1,61.8,38.2,544,328,463,241,21,15,15,11,1,5,,,20,28,11,7,3,1,6,,4231,3412,,FullTime
saison-2025-2026-jupiler-pro-league-34-union-sg-vs-kaa-gent,2025/26,2026-04-22,34,Journée 34,Lothar D'Hondt,Royale Union St-Gilloise,KAA Gent,0,0,18,3,5,,8,2,5,1,9,1,13,11,,3,,,57,43,437,335,324,245,18,10,10,7,,5,2,1,19,52,11,13,,,2,,3421,343,,FullTime
saison-2025-2026-jupiler-pro-league-34-stvv-vs-rsc-anderlecht,2025/26,2026-04-23,34,Journée 34,Simon Bourdeaud'hui,STVV,Royal Sporting Club Anderlecht,2,0,16,19,7,5,6,7,3,7,4,7,8,9,1,2,,,54.2,45.8,482,400,403,311,21,21,10,16,5,5,1,1,33,13,9,8,2,,,1,4231,4231,,FullTime
saison-2025-2026-jupiler-pro-league-34-cercle-brugge-vs-fcv-dender-eh,2025/26,2026-04-24,34,Journée 34,Michiel Allaerts,Cercle Brugge KSV,Dender EH,2,1,9,13,5,3,2,5,2,5,7,6,9,9,,2,,,52.5,47.5,445,396,358,300,32,18,20,12,2,3,2,6,34,20,8,9,2,,,,352,4231,,FullTime
saison-2025-2026-jupiler-pro-league-34-sv-zulte-waregem-vs-raal-la-louviere,2025/26,2026-04-26,34,Journée 34,Massimiliano Ledda,SV Zulte Waregem,RAAL La Louvière,4,0,12,10,5,1,4,4,3,5,5,6,13,15,1,1,,,55.4,44.6,432,343,366,287,20,25,8,16,1,1,3,5,20,18,14,13,3,,1,,3421,3421,,FullTime
saison-2025-2026-jupiler-pro-league-35-krc-genk-vs-standard-de-liege,2025/26,2026-04-25,35,Journée 35,Lothar D'Hondt,KRC Genk,Standard de Liège,1,1,24,9,6,2,10,4,8,3,13,2,13,5,3,2,,,60.9,39.1,514,332,446,253,10,15,7,10,1,6,3,4,22,36,5,12,1,,2,1,4231,532,,FullTime
saison-2025-2026-jupiler-pro-league-35-kvc-westerlo-vs-royal-antwerp-fc,2025/26,2026-04-25,35,Journée 35,Nicolas Laforge,KVC Westerlo,Royal Antwerp FC,2,4,10,20,4,12,5,4,1,4,2,7,11,13,4,3,1,,35,65,258,478,180,417,26,27,16,21,8,2,2,8,26,14,12,10,,4,,4,4231,3412,,FullTime
saison-2025-2026-jupiler-pro-league-35-oh-leuven-vs-sporting-charleroi,2025/26,2026-04-25,35,Journée 35,Anthony Letellier,OH Leuven,Sporting de Charleroi,0,2,4,11,3,4,,5,1,2,4,6,8,12,2,,,,57.2,42.8,514,383,450,320,11,4,5,,2,3,,1,22,20,11,8,,2,1,2,343,4231,,FullTime
saison-2025-2026-jupiler-pro-league-35-kaa-gent-vs-club-brugge,2025/26,2026-04-26,35,Journée 35,Erik Lambrechts,KAA Gent,Club Brugge,0,2,17,16,3,6,9,5,5,5,7,9,6,12,2,,,,46.6,53.4,387,455,313,363,11,10,6,5,5,3,2,1,22,28,11,6,,1,,2,3412,4231,,FullTime
saison-2025-2026-jupiler-pro-league-35-kv-mechelen-vs-stvv,2025/26,2026-04-26,35,Journée 35,Lawrence Visser,KV Mechelen,STVV,1,4,8,16,2,10,4,4,2,2,4,7,11,13,1,1,,,42.4,57.6,339,460,259,383,17,16,13,11,5,1,1,,24,15,11,11,1,4,2,1,3412,4231,,FullTime
saison-2025-2026-jupiler-pro-league-35-rsc-anderlecht-vs-union-sg,2025/26,2026-04-26,35,Journée 35,Jasper Vergoote,Royal Sporting Club Anderlecht,Royale Union St-Gilloise,1,3,13,12,3,4,6,6,4,2,4,3,16,8,2,3,1,,54.9,45.1,464,376,383,309,19,22,10,10,1,2,3,,14,24,6,15,1,2,,,4231,3421,,FullTime
saison-2025-2026-jupiler-pro-league-35-cercle-brugge-vs-sv-zulte-waregem,2025/26,2026-05-01,35,Journée 35,Anthony Letellier,Cercle Brugge KSV,SV Zulte Waregem,2,3,17,14,7,7,5,2,5,5,6,7,13,12,,1,,,48,52,389,429,307,341,20,14,15,7,4,5,2,,28,27,11,12,1,1,1,,352,3412,,FullTime
saison-2025-2026-jupiler-pro-league-35-fcv-dender-eh-vs-raal-la-louviere,2025/26,2026-05-03,35,Journée 35,Nathan Verboomen,Dender EH,RAAL La Louvière,2,1,7,13,2,5,4,5,1,3,4,5,20,10,1,1,1,,50.4,49.6,382,377,280,290,18,17,12,12,4,,6,2,23,18,10,20,1,,1,1,343,3421,,FullTime
saison-2025-2026-jupiler-pro-league-36-kvc-westerlo-vs-oh-leuven,2025/26,2026-05-02,36,Journée 36,Wesli De Cremer,KVC Westerlo,OH Leuven,3,3,12,10,5,4,7,3,,3,4,3,9,17,2,3,,,52.2,47.8,403,372,324,292,10,12,6,5,1,2,1,2,15,15,17,8,1,3,2,,343,3421,,FullTime
saison-2025-2026-jupiler-pro-league-36-stvv-vs-union-sg,2025/26,2026-05-02,36,Journée 36,Jan Boterberg,STVV,Royale Union St-Gilloise,2,1,14,3,5,1,6,2,3,,9,1,10,11,2,4,,1,77.3,22.7,627,191,566,114,9,9,6,4,,2,1,1,10,41,11,10,1,1,1,,4231,343,,FullTime
saison-2025-2026-jupiler-pro-league-36-kv-mechelen-vs-kaa-gent,2025/26,2026-05-03,36,Journée 36,Simon Bourdeaud'hui,KV Mechelen,KAA Gent,1,0,9,9,3,2,2,6,4,1,7,4,10,14,2,3,,,50.8,49.2,416,399,337,329,18,22,10,13,2,2,,1,18,24,13,10,1,,,1,3412,3421,,FullTime
saison-2025-2026-jupiler-pro-league-36-royal-antwerp-fc-vs-standard-de-liege,2025/26,2026-05-03,36,Journée 36,Jasper Vergoote,Royal Antwerp FC,Standard de Liège,0,5,11,15,7,8,3,2,1,5,7,3,18,5,1,,1,,64,36,548,314,472,237,14,22,6,16,4,7,2,,18,34,5,18,,3,3,1,3421,3421,,FullTime
saison-2025-2026-jupiler-pro-league-36-rsc-anderlecht-vs-club-brugge,2025/26,2026-05-03,36,Journée 36,Nicolas Laforge,Royal Sporting Club Anderlecht,Club Brugge,1,3,14,22,4,8,8,9,2,5,8,4,8,9,2,2,,,60.4,39.6,571,372,473,296,12,16,7,10,6,3,1,2,6,39,9,7,1,2,,5,4231,4231,,FullTime
saison-2025-2026-jupiler-pro-league-36-raal-la-louviere-vs-cercle-brugge,2025/26,2026-05-09,36,Journée 36,Kevin van Damme,RAAL La Louvière,Cercle Brugge KSV,4,1,13,13,6,6,4,3,3,4,6,5,5,11,1,2,,,44.4,55.6,309,386,249,315,25,25,14,14,5,2,1,5,26,12,11,5,3,1,,2,3142,3421,,FullTime
saison-2025-2026-jupiler-pro-league-36-sv-zulte-waregem-vs-fcv-dender-eh,2025/26,2026-05-09,36,Journée 36,Bert Put,SV Zulte Waregem,Dender EH,2,1,19,10,6,5,5,5,8,,9,2,8,12,1,5,,,52.4,47.6,418,376,314,263,13,22,9,13,4,3,4,2,31,14,10,8,,,4,2,3421,3412,,FullTime
saison-2025-2026-jupiler-pro-league-37-standard-de-liege-vs-oh-leuven,2025/26,2026-05-08,37,Journée 37,Bram van Driessche,Standard de Liège,OH Leuven,2,1,13,12,4,2,7,4,2,6,3,7,5,12,,2,,,54.4,45.6,473,388,397,300,10,15,7,6,1,2,3,3,37,18,10,5,1,,1,,3421,3421,,FullTime
saison-2025-2026-jupiler-pro-league-37-club-brugge-vs-stvv,2025/26,2026-05-09,37,Journée 37,Jasper Vergoote,Club Brugge,STVV,2,0,24,7,11,2,7,4,6,1,6,2,7,5,,1,,1,60.8,39.2,669,436,594,355,9,10,6,5,2,7,,1,12,24,5,7,2,,4,1,4231,4231,,FullTime
saison-2025-2026-jupiler-pro-league-37-kaa-gent-vs-rsc-anderlecht,2025/26,2026-05-10,37,Journée 37,Nathan Verboomen,KAA Gent,Royal Sporting Club Anderlecht,1,1,15,8,3,5,4,2,8,1,4,2,11,14,4,4,,1,63.8,36.2,543,324,483,247,11,17,7,14,5,2,2,,9,47,14,10,1,,1,1,4231,4231,,FullTime
saison-2025-2026-jupiler-pro-league-37-krc-genk-vs-kvc-westerlo,2025/26,2026-05-10,37,Journée 37,Simon Bourdeaud'hui,KRC Genk,KVC Westerlo,3,0,15,15,4,4,7,7,4,4,6,3,12,9,1,2,,,49.7,50.3,384,392,317,330,32,26,20,20,4,1,7,1,11,18,9,12,2,,2,2,4231,4231,,FullTime
saison-2025-2026-jupiler-pro-league-37-royal-antwerp-fc-vs-sporting-charleroi,2025/26,2026-05-10,37,Journée 37,Bert Verbeke,Royal Antwerp FC,Sporting de Charleroi,0,1,18,12,1,2,10,3,7,7,4,3,16,10,2,3,,,55.2,44.8,450,369,360,288,24,22,13,16,1,1,3,,15,29,10,16,,1,2,,3412,4231,,FullTime
saison-2025-2026-jupiler-pro-league-37-union-sg-vs-kv-mechelen,2025/26,2026-05-10,37,Journée 37,Erik Lambrechts,Royale Union St-Gilloise,KV Mechelen,3,0,14,5,6,1,6,4,2,,3,3,11,7,1,1,,,43.4,56.6,422,547,343,447,26,15,14,11,1,3,,2,30,10,7,10,3,,1,,343,532,,FullTime
