match_id,season,date,round,referee,stadium,attendance,home_team,away_team,home_score,away_score,home_formation,away_formation,home_possession,away_possession,home_shots,away_shots,home_shots_on_target,away_shots_on_target,home_shots_off_target,away_shots_off_target,home_shots_blocked,away_shots_blocked,home_corners,away_corners,home_fouls,away_fouls,home_yellow,away_yellow,home_red,away_red,home_xg,away_xg,home_offsides,away_offsides,home_passes,away_passes,home_passes_accurate,away_passes_accurate,home_tackles,away_tackles,home_tackles_won,away_tackles_won,home_saves,away_saves,home_clearances,away_clearances,home_big_chances_missed,away_big_chances_missed,home_aerials_won,away_aerials_won,status
l1_championship_match_73125,2025,2025-08-15,1,Jérémie PIGNARD,ROAZHON PARK,28360,Rennes,OM,1,0,532,3241,33,67,12,24,5,2,2,13,5,9,1,12,8,11,2,3,1,,1.392,1.785,5,,284,718,220,658,9,15,4,8,2,4,41,16,2,3,11,6,full_time
l1_championship_match_73120,2025,2025-08-16,1,Romain LISSORGUE,STADE BOLLAERT-DELELIS,38137,RC Lens,OL,0,1,3421,4231,55,45,18,11,5,3,9,7,4,1,12,8,13,20,2,3,,,1.379,1.41,5,1,444,371,377,298,12,17,7,13,2,4,17,34,4,1,10,7,full_time
l1_championship_match_73122,2025,2025-08-16,1,Ruddy BUQUET,STADE LOUIS-II,11734,AS Monaco,Havre AC,3,1,4231,4141,68,32,13,9,3,4,5,3,5,2,5,4,5,14,,1,,,1.759,0.601,5,1,725,243,643,175,11,16,4,6,3,1,11,43,,,11,14,full_time
l1_championship_match_73124,2025,2025-08-16,1,Thomas LEONARD,ALLIANZ RIVIERA,23212,OGC Nice,Toulouse FC,0,1,3421,343,55,45,13,10,2,2,5,6,6,2,9,4,12,13,2,3,,,0.789,0.605,,,472,362,403,306,17,18,8,11,1,2,27,41,1,,11,11,full_time
l1_championship_match_73117,2025,2025-08-17,1,François LETEXIER,STADE RAYMOND-KOPA,12168,Angers SCO,Paris FC,1,0,3421,442,37,63,8,17,2,7,3,6,3,4,3,7,14,10,2,1,1,,0.969,0.918,,3,277,589,206,531,20,12,13,3,7,1,28,12,,1,13,8,full_time
l1_championship_match_73118,2025,2025-08-17,1,Abdelatif KHERRADJI,STADE DE L'ABBÉ-DESCHAMPS,16090,AJ Auxerre,FC Lorient,1,0,541,343,45,55,7,14,3,3,3,6,1,5,4,5,18,14,3,2,,,1.436,1.374,,2,361,465,291,392,27,16,13,9,3,2,23,20,2,3,16,11,full_time
l1_championship_match_73119,2025,2025-08-17,1,Clément TURPIN,STADE FRANCIS-LE BLÉ,14840,Brest,LOSC,3,3,433,4231,47,53,18,10,5,6,8,,5,4,2,2,11,13,2,1,,,2.013,1.622,1,2,366,441,272,363,24,15,12,7,3,2,17,29,,1,11,18,full_time
l1_championship_match_73121,2025,2025-08-17,1,Mathieu VERNICE,STADE SAINT-SYMPHORIEN,25009,FC Metz,Strasbourg,0,1,532,532,41,59,2,9,,4,2,2,,3,3,3,16,13,2,2,,,0.303,0.624,1,1,349,585,272,521,25,23,20,13,2,,34,23,,,4,11,full_time
l1_championship_match_73123,2025,2025-08-17,1,Benoît BASTIEN,STADE DE LA BEAUJOIRE-LOUIS FONTENEAU,34053,FC Nantes,PSG,0,1,4141,433,34,66,5,18,,4,5,7,,7,2,7,6,6,1,1,,,0.138,1.426,,1,304,744,224,680,23,14,12,9,3,,18,9,,1,8,12,full_time
l1_championship_match_73132,2025,2025-08-22,2,Hakim BEN EL HADJ,PARC DES PRINCES,47401,PSG,Angers SCO,1,0,433,352,76,24,21,3,4,,13,3,4,,12,,3,9,,,,,1.852,0.239,1,1,981,195,918,141,19,34,14,22,,3,3,40,2,1,6,5,full_time
l1_championship_match_73129,2025,2025-08-23,2,Eric WATTELLIER,GROUPAMA STADIUM,49853,OL,FC Metz,3,0,4231,4231,52,48,13,11,8,2,3,3,2,6,4,3,13,15,,2,,,2.793,0.565,1,3,542,485,500,442,18,15,7,10,2,5,15,5,,,4,3,full_time
l1_championship_match_73130,2025,2025-08-23,2,Marc BOLLENGIER,ORANGE VÉLODROME,64074,OM,Paris FC,5,2,4231,433,58,42,11,8,7,4,4,4,,,5,2,9,12,1,,,,2.825,1.09,1,1,590,380,539,333,12,10,10,7,2,2,19,28,4,2,6,3,full_time
l1_championship_match_73131,2025,2025-08-23,2,Jérémy STINAT,ALLIANZ RIVIERA,22175,OGC Nice,AJ Auxerre,3,1,3421,343,54,46,16,12,6,8,9,2,1,2,5,4,10,15,2,2,,1,1.943,1.522,1,,478,389,417,309,12,19,6,8,7,4,21,21,3,5,23,14,full_time
l1_championship_match_73126,2025,2025-08-24,2,Guillaume PARADIS,STADE OCÉANE,19375,Havre AC,RC Lens,1,2,4141,3421,54,46,18,6,6,3,7,2,5,1,7,,17,16,3,1,,,1.9,1.074,2,,526,407,438,348,14,19,5,13,1,5,9,36,4,,15,14,full_time
l1_championship_match_73127,2025,2025-08-24,2,Willy DELAJOD,DECATHLON ARENA – STADE PIERRE-MAUROY,43549,LOSC,AS Monaco,1,0,4231,433,51,49,18,6,1,1,13,4,4,1,8,3,7,14,1,2,,,2.92,1.249,2,,417,425,345,338,15,14,9,9,2,,23,26,3,3,22,7,full_time
l1_championship_match_73128,2025,2025-08-24,2,Jérôme BRISARD,STADE YVES-ALLAINMAT,12343,FC Lorient,Rennes,4,0,343,352,50,50,22,4,7,1,9,3,6,,3,2,18,7,6,,,2,3.039,0.075,4,2,486,476,428,413,7,11,6,4,1,3,18,29,2,,6,10,full_time
l1_championship_match_73133,2025,2025-08-24,2,Bastien DECHEPY,STADE DE LA MEINAU,22468,Strasbourg,FC Nantes,1,0,3421,4141,50,50,15,9,4,2,6,2,5,5,7,6,11,9,2,2,,,1.781,0.44,4,2,448,474,394,394,19,21,11,9,2,3,21,24,1,,11,18,full_time
l1_championship_match_73134,2025,2025-08-24,2,Benoît MILLOT,STADIUM,23158,Toulouse FC,Brest,2,0,343,433,49,51,6,16,3,2,3,6,,8,3,9,14,10,,1,,,1.285,0.969,3,2,387,417,314,344,18,25,11,14,2,1,30,20,,,15,17,full_time
l1_championship_match_73137,2025,2025-08-29,3,Abdelatif KHERRADJI,STADE BOLLAERT-DELELIS,37232,RC Lens,Brest,3,1,3421,433,62,38,30,9,10,2,9,2,11,5,15,1,7,12,1,3,,1,3.993,1.075,2,,581,284,495,207,15,15,11,10,1,7,19,30,6,,20,35,full_time
l1_championship_match_73138,2025,2025-08-30,3,,STADE YVES-ALLAINMAT,15512,FC Lorient,LOSC,1,7,3421,4231,44,56,6,20,2,11,3,3,1,6,3,8,14,18,3,3,,,1.53,3.618,3,2,363,538,305,467,11,14,5,9,5,1,22,10,2,3,9,12,full_time
l1_championship_match_73141,2025,2025-08-30,3,Stéphanie FRAPPART,STADE DE LA BEAUJOIRE-LOUIS FONTENEAU,28784,FC Nantes,AJ Auxerre,1,0,433,4411,46,54,4,14,3,4,,3,1,7,3,9,13,11,1,3,,,0.485,0.683,1,6,345,439,270,365,14,9,11,6,4,2,41,24,,2,14,15,full_time
l1_championship_match_73143,2025,2025-08-30,3,Eric WATTELLIER,STADIUM,31515,Toulouse FC,PSG,3,6,541,433,30,70,14,13,6,8,3,3,5,2,6,7,7,11,1,,,,2.23,2.647,1,,268,860,207,805,17,14,13,8,2,3,18,15,2,,10,4,full_time
l1_championship_match_73135,2025,2025-08-31,3,Marc BOLLENGIER,STADE RAYMOND-KOPA,11512,Angers SCO,Rennes,1,1,4231,352,40,60,10,15,7,7,3,4,,4,1,7,9,11,2,2,,,1.231,1.458,4,,383,676,334,612,15,17,8,9,6,6,14,11,2,1,6,7,full_time
l1_championship_match_73136,2025,2025-08-31,3,Jérôme BRISARD,STADE OCÉANE,16513,Havre AC,OGC Nice,3,1,4141,3421,44,56,12,7,8,3,2,2,2,2,,5,13,16,1,4,,,2.56,0.629,,,326,475,256,406,12,11,6,7,2,5,26,20,1,1,13,17,full_time
l1_championship_match_73139,2025,2025-08-31,3,François LETEXIER,GROUPAMA STADIUM,52095,OL,OM,1,0,4231,4231,56,44,18,5,6,2,7,1,5,2,9,4,16,11,2,2,,1,3.409,0.768,1,1,429,321,371,252,5,7,4,4,2,4,17,31,5,2,16,18,full_time
l1_championship_match_73140,2025,2025-08-31,3,Benoît BASTIEN,STADE LOUIS-II,8718,AS Monaco,Strasbourg,3,2,4231,3421,45,55,12,12,4,4,4,5,4,3,6,5,13,12,2,1,,1,1.939,1.623,4,2,383,525,321,461,23,20,17,11,2,1,24,11,,1,13,6,full_time
l1_championship_match_73142,2025,2025-08-31,3,Jérémy STINAT,STADE JEAN BOUIN,17345,Paris FC,FC Metz,3,2,433,4231,51,49,24,14,9,2,12,7,3,5,14,6,4,8,1,1,,1,3.214,1.835,,1,485,472,426,414,7,16,3,8,,6,26,35,2,1,9,15,full_time
l1_championship_match_73147,2025,2025-09-12,4,Thomas LEONARD,ORANGE VÉLODROME,64098,OM,FC Lorient,4,0,4231,3421,67,33,15,4,8,1,2,1,5,2,10,,18,5,3,2,,1,2.26,0.139,1,,800,306,746,257,14,12,6,9,1,4,2,21,2,,22,8,full_time
l1_championship_match_73144,2025,2025-09-13,4,Romain LISSORGUE,STADE DE L'ABBÉ-DESCHAMPS,16703,AJ Auxerre,AS Monaco,1,2,541,442,39,61,9,13,2,3,4,6,3,4,5,8,12,19,2,6,1,,0.667,1.423,,1,282,574,203,486,25,17,20,9,1,2,31,26,1,2,15,21,full_time
l1_championship_match_73149,2025,2025-09-13,4,Guillaume PARADIS,ALLIANZ RIVIERA,20096,OGC Nice,FC Nantes,1,0,3421,4141,57,43,19,14,8,3,8,7,3,4,7,4,16,14,2,,,,1.749,0.745,7,,489,348,421,275,16,12,10,7,3,7,23,22,5,1,9,14,full_time
l1_championship_match_73145,2025,2025-09-14,4,Bastien DECHEPY,STADE FRANCIS-LE BLÉ,14594,Brest,Paris FC,1,2,433,4141,47,53,23,7,8,4,7,1,8,2,6,1,11,10,,3,,1,2.767,1.547,3,1,401,487,316,405,15,21,10,12,2,6,19,40,1,1,16,17,full_time
l1_championship_match_73146,2025,2025-09-14,4,Jérémy STINAT,DECATHLON ARENA – STADE PIERRE-MAUROY,42576,LOSC,Toulouse FC,2,1,4231,343,64,36,20,9,5,4,7,3,8,2,7,6,12,10,2,4,,1,2.215,0.824,1,2,553,231,479,171,18,15,12,8,3,3,20,34,1,1,14,17,full_time
l1_championship_match_73148,2025,2025-09-14,4,Benoît MILLOT,STADE SAINT-SYMPHORIEN,21107,FC Metz,Angers SCO,1,1,4231,4231,53,47,9,10,5,4,1,6,3,,4,3,10,7,,1,,,1.714,2.363,1,3,542,443,481,387,25,24,17,15,4,4,14,32,2,3,8,8,full_time
l1_championship_match_73150,2025,2025-09-14,4,Jérémie PIGNARD,PARC DES PRINCES,47642,PSG,RC Lens,2,0,433,3421,65,35,14,11,6,3,3,7,5,1,4,3,10,8,1,2,,,1.071,1.22,,,771,352,713,293,14,25,10,14,3,4,11,15,1,2,3,4,full_time
l1_championship_match_73151,2025,2025-09-14,4,Ruddy BUQUET,ROAZHON PARK,27392,Rennes,OL,3,1,352,4231,49,51,23,8,5,5,9,,9,3,5,4,18,13,2,2,,1,2.19,1.709,3,,449,492,386,420,16,18,13,10,4,2,13,19,,3,4,9,full_time
l1_championship_match_73152,2025,2025-09-14,4,Willy DELAJOD,STADE DE LA MEINAU,22250,Strasbourg,Havre AC,1,0,3142,4141,49,51,9,10,7,1,1,7,1,2,4,3,8,16,1,2,1,,1.361,0.645,1,1,453,468,398,406,17,25,13,16,1,5,24,16,1,,14,9,full_time
l1_championship_match_73157,2025,2025-09-19,5,Clément TURPIN,GROUPAMA STADIUM,44437,OL,Angers SCO,1,0,4231,433,63,37,16,10,5,2,7,4,4,4,7,4,16,10,2,2,,,1.874,1.177,1,1,583,284,529,227,12,13,7,8,2,4,20,20,2,3,15,9,full_time
l1_championship_match_73154,2025,2025-09-20,5,Benoît BASTIEN,STADE FRANCIS-LE BLÉ,14158,Brest,OGC Nice,4,1,4231,3421,40,60,11,21,5,4,4,10,2,7,2,7,17,11,1,3,,,2.03,2.33,,1,376,605,290,538,20,14,13,11,3,1,28,18,,3,18,10,full_time
l1_championship_match_73156,2025,2025-09-20,5,Eric WATTELLIER,STADE BOLLAERT-DELELIS,38223,RC Lens,LOSC,3,0,3421,4231,43,57,15,17,6,3,7,6,2,8,4,10,17,11,1,3,,,3.568,2.055,4,1,326,539,256,453,19,15,11,10,3,3,30,21,4,3,11,15,full_time
l1_championship_match_73160,2025,2025-09-20,5,Mathieu VERNICE,STADE DE LA BEAUJOIRE-LOUIS FONTENEAU,31337,FC Nantes,Rennes,2,2,4141,352,45,55,16,8,4,4,6,4,6,,4,4,14,18,2,2,,,2.113,1.539,1,3,361,495,290,429,13,10,9,5,2,2,14,22,3,,9,10,full_time
l1_championship_match_73153,2025,2025-09-21,5,Marc BOLLENGIER,STADE DE L'ABBÉ-DESCHAMPS,15262,AJ Auxerre,Toulouse FC,1,0,541,343,44,56,6,13,1,3,3,6,2,4,3,4,12,20,1,6,1,,0.747,2.332,,,300,450,231,392,26,25,13,15,3,,31,27,,3,19,17,full_time
l1_championship_match_73155,2025,2025-09-21,5,Abdelatif KHERRADJI,STADE OCÉANE,17483,Havre AC,FC Lorient,1,1,4231,3421,56,44,13,8,2,4,9,4,2,,6,2,20,15,3,6,,,2.468,1.206,,,555,378,472,302,15,16,5,9,3,,19,37,2,,24,21,full_time
l1_championship_match_73159,2025,2025-09-21,5,Stéphanie FRAPPART,STADE LOUIS-II,6080,AS Monaco,FC Metz,5,2,442,3421,45,55,16,8,6,3,7,2,3,3,4,5,15,6,1,,,,3.513,2.155,3,,410,551,342,464,24,23,14,11,1,2,12,18,2,1,12,8,full_time
l1_championship_match_73161,2025,2025-09-21,5,François LETEXIER,STADE JEAN BOUIN,17912,Paris FC,Strasbourg,2,3,4141,442,58,42,18,8,6,4,10,2,2,2,4,2,11,10,1,5,,,1.659,2.461,2,1,634,414,576,344,19,14,13,8,,4,17,34,2,3,6,10,full_time
l1_championship_match_73158,2025,2025-09-22,5,Jérôme BRISARD,ORANGE VÉLODROME,66190,OM,PSG,1,0,3421,352,36,64,9,12,1,5,5,6,3,1,5,3,16,7,3,1,,,1.393,0.673,2,1,308,669,245,611,19,17,11,15,5,1,19,16,2,2,8,6,full_time
l1_championship_match_73169,2025,2025-09-26,6,Jérémie PIGNARD,STADE DE LA MEINAU,23262,Strasbourg,OM,1,2,4231,4231,42,58,9,16,1,9,6,5,2,2,5,4,13,15,2,4,,,1.358,2.133,2,1,393,588,323,518,13,14,7,8,7,,30,18,2,3,6,10,full_time
l1_championship_match_73164,2025,2025-09-27,6,Ruddy BUQUET,STADE YVES-ALLAINMAT,15561,FC Lorient,AS Monaco,3,1,3421,352,49,51,19,5,8,2,5,3,6,,2,4,10,11,2,2,,1,1.979,0.925,,1,511,570,449,516,16,15,8,13,1,5,28,17,,,5,7,full_time
l1_championship_match_73167,2025,2025-09-27,6,Thomas LEONARD,PARC DES PRINCES,47792,PSG,AJ Auxerre,2,0,433,541,62,38,15,12,8,3,4,4,3,5,5,5,17,10,1,2,,,1.768,0.711,1,4,672,333,607,256,21,25,10,15,2,6,23,8,3,1,11,11,full_time
l1_championship_match_73170,2025,2025-09-27,6,Benoît MILLOT,STADIUM,22822,Toulouse FC,FC Nantes,2,2,3421,433,46,54,20,12,7,2,8,4,5,6,1,4,18,12,2,3,,,2.154,1.456,2,1,404,498,335,427,15,17,5,12,,5,21,23,,2,18,9,full_time
l1_championship_match_73162,2025,2025-09-28,6,Willy DELAJOD,STADE RAYMOND-KOPA,10210,Angers SCO,Brest,0,2,442,4231,55,45,11,7,2,3,5,3,4,1,11,4,13,13,1,1,,,0.479,1.561,2,1,452,366,384,266,8,18,5,11,1,2,20,34,,,15,20,full_time
l1_championship_match_73163,2025,2025-09-28,6,Mathieu VERNICE,DECATHLON ARENA – STADE PIERRE-MAUROY,45287,LOSC,OL,0,1,4231,433,52,48,14,5,3,2,4,1,7,2,3,4,20,24,4,4,,,1.472,0.628,1,1,429,369,363,300,7,11,1,3,1,3,11,40,2,1,13,13,full_time
l1_championship_match_73165,2025,2025-09-28,6,Guillaume PARADIS,STADE SAINT-SYMPHORIEN,19976,FC Metz,Havre AC,0,0,3421,433,52,48,7,10,,2,5,2,2,6,4,6,16,16,2,2,,,0.504,0.434,1,2,421,367,376,306,18,12,10,6,2,,30,26,1,,9,6,full_time
l1_championship_match_73166,2025,2025-09-28,6,Abdelatif KHERRADJI,ALLIANZ RIVIERA,20049,OGC Nice,Paris FC,1,1,3412,433,45,55,11,13,5,3,2,3,4,7,5,5,14,14,1,1,,,0.956,1.846,1,1,392,512,319,437,15,16,12,11,2,4,17,20,2,1,14,14,full_time
l1_championship_match_73168,2025,2025-09-28,6,Bastien DECHEPY,ROAZHON PARK,26414,Rennes,RC Lens,0,0,352,3421,61,39,14,13,2,2,6,8,6,3,8,4,16,9,3,2,,1,1.186,1.035,1,,529,257,464,181,17,29,8,11,2,2,17,29,3,4,11,14,full_time
l1_championship_match_73178,2025,2025-10-03,7,Benoît MILLOT,STADE JEAN BOUIN,18084,Paris FC,FC Lorient,2,0,433,3421,57,43,10,8,2,3,6,4,2,1,1,5,19,10,,3,,,1.022,0.968,3,2,653,452,597,382,17,13,12,9,3,,28,11,1,2,15,17,full_time
l1_championship_match_73171,2025,2025-10-04,7,François LETEXIER,STADE DE L'ABBÉ-DESCHAMPS,17243,AJ Auxerre,RC Lens,1,2,541,3421,55,45,18,7,2,4,7,1,9,2,2,2,10,21,3,6,,1,1.785,0.409,,2,514,397,420,324,20,16,8,7,2,1,10,29,1,,14,20,full_time
l1_championship_match_73172,2025,2025-10-04,7,Gaël ANGOULA,STADE FRANCIS-LE BLÉ,14941,Brest,FC Nantes,0,0,4231,4141,49,51,17,6,5,,5,4,7,2,12,3,11,12,2,1,,,1.507,0.174,1,3,388,390,318,328,24,13,15,7,,5,17,41,2,,8,18,full_time
l1_championship_match_73176,2025,2025-10-04,7,Clément TURPIN,STADE SAINT-SYMPHORIEN,28538,FC Metz,OM,0,3,3421,4231,40,60,4,21,1,9,2,10,1,2,4,4,8,7,,,,,0.157,2.715,2,2,375,639,322,586,10,13,6,9,6,1,19,18,,2,5,8,full_time
l1_championship_match_73173,2025,2025-10-05,7,Jérémie PIGNARD,STADE OCÉANE,17802,Havre AC,Rennes,2,2,433,352,45,55,10,9,2,3,7,4,1,2,3,4,13,9,1,2,,,1.715,1.203,3,2,390,544,316,464,13,16,9,11,1,,30,25,2,,12,11,full_time
l1_championship_match_73174,2025,2025-10-05,7,Benoît BASTIEN,DECATHLON ARENA – STADE PIERRE-MAUROY,47355,LOSC,PSG,1,1,433,433,40,60,9,17,3,5,2,7,4,5,3,5,11,12,1,1,,,0.645,1.498,1,,389,656,317,600,19,9,9,6,4,2,21,20,,3,7,5,full_time
l1_championship_match_73175,2025,2025-10-05,7,Thomas LEONARD,GROUPAMA STADIUM,51414,OL,Toulouse FC,1,2,4231,343,64,36,13,14,3,3,7,5,3,6,8,5,13,17,1,3,,,1.173,1.466,2,,583,257,504,183,11,12,8,9,2,2,12,34,2,1,13,25,full_time
l1_championship_match_73177,2025,2025-10-05,7,Willy DELAJOD,STADE LOUIS-II,8306,AS Monaco,OGC Nice,2,2,4231,343,61,39,20,9,6,2,10,2,4,5,6,7,10,9,1,2,,1,3.005,1.15,4,2,527,272,448,186,12,14,6,9,,4,15,37,2,,22,14,full_time
l1_championship_match_73179,2025,2025-10-05,7,Guillaume PARADIS,STADE DE LA MEINAU,22171,Strasbourg,Angers SCO,5,0,3421,433,63,37,18,5,12,1,3,1,3,3,2,5,12,11,2,2,,,4.8,0.321,2,2,781,400,706,310,21,20,10,12,1,7,14,14,3,,10,10,full_time
l1_championship_match_73186,2025,2025-10-17,8,Clément TURPIN,PARC DES PRINCES,47754,PSG,Strasbourg,3,3,433,3421,67,33,21,12,9,7,7,3,5,2,4,1,12,15,2,1,,,2.684,2.342,,,783,309,717,257,21,20,13,5,4,6,12,19,2,2,7,6,full_time
l1_championship_match_73180,2025,2025-10-18,8,Jérémy STINAT,STADE RAYMOND-KOPA,13423,Angers SCO,AS Monaco,1,1,4231,3421,44,56,16,11,3,4,4,4,9,3,10,3,15,14,2,2,,,1.775,1.884,,,397,568,327,488,18,18,15,9,3,2,17,22,2,1,9,15,full_time
l1_championship_match_73183,2025,2025-10-18,8,Bastien DECHEPY,ORANGE VÉLODROME,64869,OM,Havre AC,6,2,4231,442,68,32,18,8,11,3,4,3,3,2,2,1,17,13,2,2,,1,4.194,0.483,3,3,684,238,640,181,9,10,3,5,1,5,12,23,2,1,11,11,full_time
l1_championship_match_73185,2025,2025-10-18,8,Jérôme BRISARD,ALLIANZ RIVIERA,24122,OGC Nice,OL,3,2,343,4231,38,62,5,29,4,7,1,7,,15,1,16,10,11,1,2,,,0.599,3.393,2,,252,544,192,477,15,20,8,12,5,1,60,15,,3,15,13,full_time
l1_championship_match_73181,2025,2025-10-19,8,Gaël ANGOULA,STADE BOLLAERT-DELELIS,33773,RC Lens,Paris FC,2,1,3421,433,44,56,11,9,3,3,4,2,4,4,11,3,11,8,2,2,,,1.633,0.517,2,2,402,567,327,479,24,13,18,5,2,1,18,35,2,,15,16,full_time
l1_championship_match_73182,2025,2025-10-19,8,Marc BOLLENGIER,STADE YVES-ALLAINMAT,16607,FC Lorient,Brest,3,3,3421,4231,50,50,12,8,7,4,3,3,2,1,5,2,13,16,3,2,,,1.242,1.586,4,,390,405,321,340,11,21,10,10,2,4,22,24,2,,21,18,full_time
l1_championship_match_73184,2025,2025-10-19,8,Thomas LEONARD,STADE DE LA BEAUJOIRE-LOUIS FONTENEAU,29845,FC Nantes,LOSC,0,2,433,4231,39,61,8,23,3,5,3,10,2,8,5,9,12,15,1,4,,,0.454,2.601,,,295,531,220,460,17,14,9,11,3,2,33,38,1,3,8,15,full_time
l1_championship_match_73187,2025,2025-10-19,8,Eric WATTELLIER,ROAZHON PARK,27148,Rennes,AJ Auxerre,2,2,352,541,51,49,19,7,7,4,6,2,6,1,6,3,11,15,1,3,,,2.027,1.513,2,2,418,395,338,308,23,20,15,14,2,5,15,21,1,1,15,12,full_time
l1_championship_match_73188,2025,2025-10-19,8,François LETEXIER,STADIUM,26078,Toulouse FC,FC Metz,4,0,343,3421,39,61,16,2,7,2,6,,3,,5,1,14,11,2,1,,1,2.688,0.082,1,1,325,608,272,545,13,19,9,12,2,3,16,17,1,,11,9,full_time
l1_championship_match_73196,2025,2025-10-24,9,Ruddy BUQUET,STADE JEAN BOUIN,17522,Paris FC,FC Nantes,1,2,4231,433,62,38,14,11,3,3,7,5,4,3,8,2,10,13,3,2,,,1.202,0.857,9,1,548,270,487,205,18,12,13,6,1,2,11,43,1,1,12,17,full_time
l1_championship_match_73191,2025,2025-10-25,9,Jérémie PIGNARD,STADE FRANCIS-LE BLÉ,14978,Brest,PSG,0,3,4231,433,30,70,8,18,2,8,5,8,1,2,2,7,10,10,1,1,,,1.705,2.104,2,2,259,808,191,751,26,6,13,4,5,2,21,14,3,3,5,8,full_time
l1_championship_match_73192,2025,2025-10-25,9,Stéphanie FRAPPART,STADE BOLLAERT-DELELIS,38223,RC Lens,OM,2,1,3421,3421,36,64,8,17,5,3,3,6,,8,4,8,12,9,3,3,,,1.803,0.695,3,1,339,762,271,690,19,16,9,9,2,4,36,17,2,,16,8,full_time
l1_championship_match_73195,2025,2025-10-25,9,Guillaume PARADIS,STADE LOUIS-II,7086,AS Monaco,Toulouse FC,1,0,3421,3421,54,46,14,10,5,2,4,5,5,3,2,5,15,18,3,4,,,3.263,0.679,,,418,350,322,246,23,14,14,11,2,4,39,12,5,,21,22,full_time
l1_championship_match_73189,2025,2025-10-26,9,Benoît BASTIEN,STADE RAYMOND-KOPA,11682,Angers SCO,FC Lorient,2,0,4231,3421,42,58,7,23,4,4,1,8,2,11,1,6,14,6,1,,,,0.925,1.992,,1,380,616,317,547,16,17,8,12,4,2,26,11,1,2,12,11,full_time
l1_championship_match_73190,2025,2025-10-26,9,Hakim BEN EL HADJ,STADE DE L'ABBÉ-DESCHAMPS,16729,AJ Auxerre,Havre AC,0,1,3421,4132,50,50,14,9,3,4,4,4,7,1,13,5,21,12,2,2,,,0.654,0.935,,2,341,349,280,287,8,18,6,13,3,3,22,38,,3,14,16,full_time
l1_championship_match_73193,2025,2025-10-26,9,Benoît MILLOT,DECATHLON ARENA – STADE PIERRE-MAUROY,42089,LOSC,FC Metz,6,1,4231,433,59,41,23,10,12,4,8,5,3,1,7,8,18,12,3,2,,,2.917,1.287,1,,552,317,479,249,20,9,12,6,3,6,15,23,4,1,17,9,full_time
l1_championship_match_73194,2025,2025-10-26,9,Eric WATTELLIER,GROUPAMA STADIUM,49058,OL,Strasbourg,2,1,433,352,48,52,8,7,3,2,2,3,3,2,4,2,15,19,,4,,1,1.674,0.487,2,1,385,434,316,365,15,8,10,5,1,2,13,18,2,,4,9,full_time
l1_championship_match_73197,2025,2025-10-26,9,Marc BOLLENGIER,ROAZHON PARK,27658,Rennes,OGC Nice,1,2,442,3412,56,44,19,8,7,3,5,3,7,2,7,3,13,22,5,2,,,1.735,0.729,3,2,480,349,422,271,13,14,6,10,1,6,16,44,1,1,13,11,full_time
l1_championship_match_73198,2025,2025-10-29,10,Benoît MILLOT,STADE OCÉANE,18484,Havre AC,Brest,1,0,3142,433,47,53,13,8,3,2,4,4,6,2,5,1,12,11,1,3,,,1.005,0.552,2,1,412,497,351,412,14,15,9,13,2,2,32,30,,1,12,22,full_time
l1_championship_match_73199,2025,2025-10-29,10,Willy DELAJOD,STADE YVES-ALLAINMAT,16706,FC Lorient,PSG,1,1,541,433,29,71,5,15,2,8,3,3,,4,,8,5,13,,2,,,0.234,1.491,4,,229,827,167,773,19,10,13,6,7,1,30,18,,,7,8,full_time
l1_championship_match_73200,2025,2025-10-29,10,Thomas LEONARD,ORANGE VÉLODROME,64599,OM,Angers SCO,2,2,4231,4231,57,43,11,12,6,6,4,2,1,4,1,5,11,7,2,1,,,1.343,1.04,1,3,636,427,564,349,16,16,10,10,4,4,22,25,1,1,11,7,full_time
l1_championship_match_73201,2025,2025-10-29,10,Abdelatif KHERRADJI,STADE SAINT-SYMPHORIEN,20618,FC Metz,RC Lens,2,0,4141,3421,48,52,16,10,7,2,8,5,1,3,2,5,15,15,2,2,1,,3.466,1.319,,3,456,524,392,459,18,14,14,9,2,4,26,13,4,2,9,10,full_time
l1_championship_match_73202,2025,2025-10-29,10,Jérôme BRISARD,STADE DE LA BEAUJOIRE-LOUIS FONTENEAU,33653,FC Nantes,AS Monaco,3,5,433,3142,49,51,18,19,5,9,8,7,5,3,1,3,13,17,3,7,,,1.602,4.306,,2,370,396,286,328,16,23,9,15,4,2,17,33,3,4,7,10,full_time
l1_championship_match_73203,2025,2025-10-29,10,Bastien DECHEPY,ALLIANZ RIVIERA,22441,OGC Nice,LOSC,2,0,3412,4231,38,62,8,21,4,4,4,8,,9,2,13,11,10,3,3,,,1.769,0.987,1,,290,593,223,516,12,18,5,13,4,2,43,7,1,,10,11,full_time
l1_championship_match_73204,2025,2025-10-29,10,Jérémy STINAT,STADE JEAN BOUIN,18445,Paris FC,OL,3,3,433,4231,50,50,11,7,3,4,3,1,5,2,4,3,18,16,5,2,1,1,0.625,1.254,1,5,457,431,389,368,18,20,10,12,1,,12,29,1,,18,15,full_time
l1_championship_match_73205,2025,2025-10-29,10,Ruddy BUQUET,STADE DE LA MEINAU,22667,Strasbourg,AJ Auxerre,3,0,3421,3421,60,40,18,6,9,1,8,4,1,1,4,3,11,16,1,1,,,4.211,0.429,1,1,690,380,626,318,19,15,9,9,1,6,14,18,6,1,12,6,full_time
l1_championship_match_73206,2025,2025-10-29,10,Clément TURPIN,STADIUM,25484,Toulouse FC,Rennes,2,2,3421,352,53,47,15,11,4,5,7,4,4,2,5,8,9,12,2,3,,,1.577,1.578,,2,431,356,354,277,14,15,6,11,3,2,20,36,,1,12,17,full_time
l1_championship_match_73207,2025,2025-11-01,11,Benoît BASTIEN,STADE DE L'ABBÉ-DESCHAMPS,16529,AJ Auxerre,OM,0,1,541,352,49,51,9,6,4,2,3,4,2,,3,3,12,14,2,4,1,1,1.167,0.517,2,2,450,477,386,420,10,14,6,7,1,4,10,15,2,,12,9,full_time
l1_championship_match_73211,2025,2025-11-01,11,Eric WATTELLIER,STADE LOUIS-II,10727,AS Monaco,Paris FC,0,1,3421,433,53,47,10,9,1,1,5,4,4,4,3,2,10,12,3,2,,,0.881,0.975,3,,517,420,422,333,15,9,10,3,,3,12,20,1,1,19,10,full_time
l1_championship_match_73213,2025,2025-11-01,11,François LETEXIER,PARC DES PRINCES,47629,PSG,OGC Nice,1,0,433,541,69,31,28,5,8,2,9,,11,3,11,1,12,5,3,1,,,2.288,0.478,2,1,805,247,760,182,13,20,8,10,2,7,3,33,2,1,6,8,full_time
l1_championship_match_73208,2025,2025-11-02,11,Clément TURPIN,STADE FRANCIS-LE BLÉ,14534,Brest,OL,0,0,4231,4231,49,51,13,4,3,2,6,1,4,1,12,2,19,6,1,,,1,1.501,0.198,2,1,383,411,313,339,13,23,7,8,2,3,17,42,3,,14,13,full_time
l1_championship_match_73209,2025,2025-11-02,11,Jérémie PIGNARD,STADE BOLLAERT-DELELIS,37373,RC Lens,FC Lorient,3,0,3421,3421,57,43,9,12,6,3,2,4,1,5,7,6,8,10,2,2,,,2.231,1.83,2,,627,434,560,378,13,14,8,9,3,2,28,15,3,3,7,3,full_time
l1_championship_match_73210,2025,2025-11-02,11,Jérôme BRISARD,DECATHLON ARENA – STADE PIERRE-MAUROY,38802,LOSC,Angers SCO,1,0,4231,4231,53,47,15,6,4,1,8,1,3,4,9,2,10,10,1,,,,2.042,0.44,1,3,545,469,466,396,16,13,10,11,1,2,18,23,4,,12,12,full_time
l1_championship_match_73212,2025,2025-11-02,11,Gaël ANGOULA,STADE DE LA BEAUJOIRE-LOUIS FONTENEAU,27150,FC Nantes,FC Metz,0,2,4141,4231,52,48,16,14,4,7,6,7,6,,8,5,8,8,1,3,,,0.826,1.341,1,3,363,336,302,275,11,25,5,12,5,4,23,31,2,,10,18,full_time
l1_championship_match_73214,2025,2025-11-02,11,Thomas LEONARD,ROAZHON PARK,27658,Rennes,Strasbourg,4,1,352,3421,43,57,13,20,6,2,3,10,4,8,6,5,15,9,1,1,,,2.347,1.601,2,3,400,586,335,524,22,21,16,14,1,2,25,13,1,2,10,7,full_time
l1_championship_match_73215,2025,2025-11-02,11,Jérémy STINAT,STADIUM,20643,Toulouse FC,Havre AC,0,0,3421,4132,47,53,18,9,2,3,9,4,7,2,10,2,12,14,1,2,,,1.117,1.303,,2,335,427,262,344,9,27,7,14,3,2,22,45,,2,20,20,full_time
l1_championship_match_73223,2025,2025-11-07,12,Guillaume PARADIS,STADE JEAN BOUIN,16587,Paris FC,Rennes,0,1,541,352,52,48,20,10,4,3,9,5,7,2,8,9,9,13,4,2,,,1.978,0.75,4,2,442,398,362,328,13,13,8,6,2,4,22,30,3,1,6,16,full_time
l1_championship_match_73217,2025,2025-11-08,12,Romain LISSORGUE,STADE OCÉANE,19747,Havre AC,FC Nantes,1,1,4132,433,59,41,17,5,4,2,7,,6,3,8,3,15,13,3,3,,,0.94,0.207,4,3,470,266,402,189,16,16,7,8,1,3,11,48,4,,18,13,full_time
l1_championship_match_73220,2025,2025-11-08,12,Willy DELAJOD,ORANGE VÉLODROME,66279,OM,Brest,3,0,4231,4231,61,39,19,4,7,2,8,2,4,,6,2,12,10,,1,,,3.465,0.742,,2,658,375,605,304,16,12,11,9,2,4,12,16,2,2,7,12,full_time
l1_championship_match_73222,2025,2025-11-08,12,Bastien DECHEPY,STADE LOUIS-II,9456,AS Monaco,RC Lens,1,4,3142,3421,50,50,16,20,6,12,6,3,4,5,5,4,15,19,1,2,1,,2.828,3.389,2,2,460,459,388,396,20,17,10,7,7,5,16,18,4,3,10,10,full_time
l1_championship_match_73216,2025,2025-11-09,12,Abdelatif KHERRADJI,STADE RAYMOND-KOPA,11428,Angers SCO,AJ Auxerre,2,0,4231,433,49,51,9,12,5,5,3,5,1,2,3,3,19,14,2,2,,,0.669,0.704,2,2,444,465,373,391,14,15,9,10,5,4,19,19,,,10,9,full_time
l1_championship_match_73218,2025,2025-11-09,12,Hakim BEN EL HADJ,STADE YVES-ALLAINMAT,15562,FC Lorient,Toulouse FC,1,1,3421,3421,49,51,10,6,2,2,6,1,2,3,6,4,6,18,,4,,,1.359,1.315,1,3,399,413,325,346,19,21,11,13,1,1,15,23,,,13,17,full_time
l1_championship_match_73219,2025,2025-11-09,12,Benoît BASTIEN,GROUPAMA STADIUM,58257,OL,PSG,2,3,4231,433,33,67,9,9,2,4,4,4,3,1,5,5,10,8,4,2,1,,0.686,1.423,2,2,271,729,211,656,10,13,7,8,1,,20,25,1,1,9,18,full_time
l1_championship_match_73221,2025,2025-11-09,12,Stéphanie FRAPPART,STADE SAINT-SYMPHORIEN,20683,FC Metz,OGC Nice,2,1,4231,3412,49,51,9,11,2,4,4,5,3,2,6,3,12,19,2,4,,,1.585,0.946,,,421,435,351,390,16,13,9,6,3,,12,24,1,,9,16,full_time
l1_championship_match_73224,2025,2025-11-09,12,François LETEXIER,STADE DE LA MEINAU,29000,Strasbourg,LOSC,2,0,3412,4231,45,55,5,6,2,4,2,2,1,,1,4,9,20,4,3,,1,1.075,0.283,1,1,357,484,289,413,18,11,11,7,4,,23,8,,1,16,10,full_time
l1_championship_match_73230,2025,2025-11-21,13,Jérémie PIGNARD,ALLIANZ RIVIERA,27089,OGC Nice,OM,1,5,343,4231,51,49,15,13,7,11,3,1,5,1,8,6,9,10,2,1,,,1.377,2.858,3,1,507,468,454,413,8,12,4,6,6,6,7,29,3,2,10,5,full_time
l1_championship_match_73227,2025,2025-11-22,13,Jérôme BRISARD,STADE BOLLAERT-DELELIS,38211,RC Lens,Strasbourg,1,0,3421,3421,53,47,13,7,5,1,3,3,5,3,3,1,13,13,2,3,1,1,1.918,0.459,3,2,552,461,472,384,20,18,15,11,1,4,11,18,2,,6,10,full_time
l1_championship_match_73231,2025,2025-11-22,13,Mathieu VERNICE,PARC DES PRINCES,47694,PSG,Havre AC,3,0,433,4132,61,39,31,12,11,4,13,6,7,2,6,4,10,8,2,1,,,3.461,1.192,3,3,599,313,526,235,18,25,9,11,3,8,8,20,5,2,7,8,full_time
l1_championship_match_73232,2025,2025-11-22,13,Hakim BEN EL HADJ,ROAZHON PARK,27681,Rennes,AS Monaco,4,1,352,3421,50,50,17,13,9,3,3,2,5,8,4,6,3,13,,1,,1,3.78,1.332,1,5,497,486,421,431,21,16,12,7,2,4,17,19,1,2,8,8,full_time
l1_championship_match_73225,2025,2025-11-23,13,Thomas LEONARD,STADE DE L'ABBÉ-DESCHAMPS,17359,AJ Auxerre,OL,0,0,433,4231,37,63,12,16,5,7,3,5,4,4,7,11,10,11,1,3,,,2.14,1.574,2,3,237,548,175,475,13,13,9,8,7,5,25,22,1,1,14,14,full_time
l1_championship_match_73226,2025,2025-11-23,13,Gaël ANGOULA,STADE FRANCIS-LE BLÉ,13938,Brest,FC Metz,3,2,4231,4231,55,45,20,7,7,3,11,3,2,1,5,2,11,8,2,3,,,3.111,1.048,,,516,406,435,331,15,8,13,5,2,4,10,26,3,1,23,10,full_time
l1_championship_match_73228,2025,2025-11-23,13,Benoît MILLOT,DECATHLON ARENA – STADE PIERRE-MAUROY,39053,LOSC,Paris FC,4,2,442,433,51,49,17,6,10,3,3,1,4,2,9,4,9,12,1,2,,,4.025,1.557,1,3,475,440,395,353,12,14,8,7,1,7,21,23,3,1,11,12,full_time
l1_championship_match_73229,2025,2025-11-23,13,Ruddy BUQUET,STADE DE LA BEAUJOIRE-LOUIS FONTENEAU,25967,FC Nantes,FC Lorient,1,1,433,3421,53,47,9,7,1,1,5,4,3,2,1,1,17,17,1,1,,,0.856,0.321,,2,496,399,419,331,12,14,9,8,1,,13,42,1,,10,19,full_time
l1_championship_match_73233,2025,2025-11-23,13,Marc BOLLENGIER,STADIUM,19009,Toulouse FC,Angers SCO,0,1,3421,4231,52,48,25,6,6,2,15,3,4,1,11,1,15,15,1,3,,,2.031,0.426,1,1,464,418,392,333,15,21,6,9,1,6,12,31,2,,28,19,full_time
l1_championship_match_73239,2025,2025-11-28,14,Jérémy STINAT,STADE SAINT-SYMPHORIEN,20291,FC Metz,Rennes,0,1,3421,352,51,49,16,9,5,2,6,3,5,4,6,3,9,8,,,,,1.076,0.783,4,1,482,459,414,374,13,16,7,9,1,5,22,10,1,1,11,9,full_time
l1_championship_match_73238,2025,2025-11-29,14,Eric WATTELLIER,ORANGE VÉLODROME,65163,OM,Toulouse FC,2,2,4231,3421,69,31,20,6,5,4,8,1,7,1,9,1,7,10,2,1,,,1.8,0.706,1,1,714,217,660,157,16,19,11,13,2,2,12,38,,1,15,15,full_time
l1_championship_match_73240,2025,2025-11-29,14,Clément TURPIN,STADE LOUIS-II,11546,AS Monaco,PSG,1,0,4231,433,45,55,10,17,5,4,2,9,3,4,4,4,10,13,3,1,1,,0.659,1.329,3,1,407,534,316,445,16,13,11,5,4,4,21,11,1,2,13,4,full_time
l1_championship_match_73241,2025,2025-11-29,14,François LETEXIER,STADE JEAN BOUIN,15007,Paris FC,AJ Auxerre,1,1,4411,433,54,46,11,11,2,3,7,4,2,4,4,3,11,17,2,1,,,1.801,1.105,2,,511,419,451,357,23,15,15,9,2,1,29,11,2,1,12,9,full_time
l1_championship_match_73234,2025,2025-11-30,14,Guillaume PARADIS,STADE RAYMOND-KOPA,12979,Angers SCO,RC Lens,1,2,4231,3421,46,54,7,17,5,6,2,10,,1,2,8,7,11,1,1,,,1.373,2.047,5,2,425,514,330,440,26,25,18,16,4,4,27,13,2,3,14,13,full_time
l1_championship_match_73235,2025,2025-11-30,14,Willy DELAJOD,STADE OCÉANE,20689,Havre AC,LOSC,0,1,4141,4231,43,57,14,8,7,2,3,3,4,3,6,2,15,13,1,3,,1,1.183,1.637,1,5,341,485,263,403,15,10,8,7,1,7,18,25,1,1,24,7,full_time
l1_championship_match_73236,2025,2025-11-30,14,Romain LISSORGUE,STADE YVES-ALLAINMAT,15648,FC Lorient,OGC Nice,3,1,3421,352,46,54,18,9,7,2,9,3,2,4,3,7,7,11,1,2,,,2.469,0.822,,1,428,560,364,486,11,11,9,7,2,4,32,17,2,2,13,17,full_time
l1_championship_match_73237,2025,2025-11-30,14,Abdelatif KHERRADJI,GROUPAMA STADIUM,46449,OL,FC Nantes,3,0,3421,433,65,35,20,6,8,2,10,4,2,,7,,14,9,1,2,,1,2.378,1.041,2,1,612,243,553,175,12,9,5,6,2,4,10,28,3,1,11,10,full_time
l1_championship_match_73242,2025,2025-11-30,14,Bastien DECHEPY,STADE DE LA MEINAU,30017,Strasbourg,Brest,1,2,3421,4231,56,44,14,7,6,4,7,3,1,,5,,12,14,,3,,,0.819,1.054,1,1,548,421,484,347,10,13,9,13,2,5,30,24,1,,15,12,full_time
l1_championship_match_73244,2025,2025-12-05,15,Thomas LEONARD,STADE FRANCIS-LE BLÉ,14522,Brest,AS Monaco,1,0,4231,4231,43,57,12,10,4,2,5,7,3,1,2,3,17,15,2,4,1,,1.557,0.6,,2,320,476,225,390,17,11,10,7,2,3,22,30,1,1,15,17,full_time
l1_championship_match_73246,2025,2025-12-05,15,Jérôme BRISARD,DECATHLON ARENA – STADE PIERRE-MAUROY,48258,LOSC,OM,1,0,4231,3421,44,56,5,6,2,2,,1,3,3,2,5,9,11,1,1,,,0.345,0.533,2,1,423,570,352,501,17,15,10,7,2,1,28,15,,1,12,8,full_time
l1_championship_match_73248,2025,2025-12-06,15,Benoît BASTIEN,STADE DE LA BEAUJOIRE-LOUIS FONTENEAU,26654,FC Nantes,RC Lens,1,2,433,3421,39,61,10,20,4,6,4,8,2,6,1,12,8,13,2,,,,1.215,2.32,,3,287,534,216,461,20,26,15,15,4,3,36,19,1,4,22,18,full_time
l1_championship_match_73250,2025,2025-12-06,15,Marc BOLLENGIER,PARC DES PRINCES,47823,PSG,Rennes,5,0,433,352,63,37,20,6,9,2,7,2,4,2,8,6,9,5,,2,,1,2.227,0.238,,2,715,355,658,305,17,15,13,5,2,4,9,13,2,,4,5,full_time
l1_championship_match_73251,2025,2025-12-06,15,Stéphanie FRAPPART,STADIUM,22031,Toulouse FC,Strasbourg,1,0,3421,3421,32,68,6,3,3,,2,1,1,2,1,2,21,13,3,3,,,0.502,0.21,1,3,302,782,239,727,13,7,5,3,,2,25,16,,,11,11,full_time
l1_championship_match_73243,2025,2025-12-07,15,Eric WATTELLIER,STADE DE L'ABBÉ-DESCHAMPS,15588,AJ Auxerre,FC Metz,3,1,433,4231,42,58,14,5,7,3,4,2,3,,5,3,10,12,2,1,,,1.944,0.552,2,1,340,545,285,486,18,14,13,9,2,4,24,22,2,,9,7,full_time
l1_championship_match_73245,2025,2025-12-07,15,Ruddy BUQUET,STADE OCÉANE,17460,Havre AC,Paris FC,0,0,433,451,45,55,13,13,2,2,7,8,4,3,7,2,10,13,,2,,,1.837,1.228,,,389,515,328,454,8,12,7,8,2,2,12,22,4,2,10,12,full_time
l1_championship_match_73247,2025,2025-12-07,15,Mathieu VERNICE,STADE YVES-ALLAINMAT,16213,FC Lorient,OL,1,0,3421,3421,44,56,14,7,6,4,6,2,2,1,1,7,12,21,2,3,,1,2.569,0.435,2,,300,438,236,373,12,6,9,3,4,5,24,12,4,,13,11,full_time
l1_championship_match_73249,2025,2025-12-07,15,Jérémy STINAT,ALLIANZ RIVIERA,17630,OGC Nice,Angers SCO,0,1,352,4231,50,50,13,8,3,4,8,2,2,2,4,1,11,9,1,1,1,,1.308,0.991,1,1,517,534,429,454,17,23,12,16,3,3,21,28,2,3,13,10,full_time
l1_championship_match_73252,2025,2025-12-12,16,Stéphanie FRAPPART,STADE RAYMOND-KOPA,14308,Angers SCO,FC Nantes,4,1,4231,442,54,46,20,7,9,4,6,2,5,1,6,3,17,13,1,2,,,2.39,0.356,1,1,484,406,413,326,20,13,12,7,3,5,20,16,1,,12,10,full_time
l1_championship_match_73257,2025,2025-12-13,16,Romain LISSORGUE,STADE SAINT-SYMPHORIEN,0,FC Metz,PSG,2,3,4231,433,42,58,9,14,5,9,1,4,3,1,4,4,10,10,2,1,,,0.62,1.847,,,461,681,395,627,21,14,14,9,6,3,21,20,1,1,10,10,full_time
l1_championship_match_73258,2025,2025-12-13,16,Bastien DECHEPY,STADE JEAN BOUIN,15822,Paris FC,Toulouse FC,0,3,451,3421,62,38,9,7,2,4,4,3,3,,7,4,12,14,3,1,,,0.457,2.536,2,2,607,321,548,264,14,12,9,6,1,2,29,32,,1,18,8,full_time
l1_championship_match_73259,2025,2025-12-13,16,Benoît MILLOT,ROAZHON PARK,27959,Rennes,Brest,3,1,352,4231,58,42,9,14,5,7,1,5,3,2,5,7,16,22,2,3,,,2.226,0.821,2,4,490,300,406,218,26,14,17,9,6,2,33,22,,,17,12,full_time
l1_championship_match_73253,2025,2025-12-14,16,Jérémie PIGNARD,STADE DE L'ABBÉ-DESCHAMPS,16124,AJ Auxerre,LOSC,3,4,433,4231,46,54,18,8,8,5,5,1,5,2,10,3,21,10,4,2,2,2,2.97,0.537,,,350,449,300,376,20,11,16,7,1,6,19,28,2,,12,15,full_time
l1_championship_match_73254,2025,2025-12-14,16,Willy DELAJOD,STADE BOLLAERT-DELELIS,37278,RC Lens,OGC Nice,2,0,3421,433,47,53,15,8,5,4,5,2,5,2,2,5,17,13,,2,,,1.651,0.762,,2,418,493,344,421,15,18,9,10,4,4,25,12,1,1,10,12,full_time
l1_championship_match_73255,2025,2025-12-14,16,Marc BOLLENGIER,GROUPAMA STADIUM,42168,OL,Havre AC,1,0,433,433,55,45,18,10,4,4,8,6,6,,5,4,14,18,2,4,,,2.737,1.443,2,3,368,271,310,213,10,12,8,6,4,3,26,28,4,3,13,18,full_time
l1_championship_match_73256,2025,2025-12-14,16,François LETEXIER,ORANGE VÉLODROME,64509,OM,AS Monaco,1,0,4231,4231,55,45,18,18,8,7,6,4,4,7,3,7,11,11,2,1,,,1.788,2.27,,6,495,348,406,285,7,14,2,8,5,6,26,23,2,4,10,9,full_time
l1_championship_match_73260,2025,2025-12-14,16,Gaël ANGOULA,STADE DE LA MEINAU,29951,Strasbourg,FC Lorient,0,0,3421,3421,60,40,12,9,2,2,6,7,4,,11,3,6,3,1,,,,0.691,0.639,1,2,688,421,641,361,13,19,6,10,2,1,8,34,4,,14,17,full_time
l1_championship_match_73269,2025,2026-01-02,17,Mathieu VERNICE,STADIUM,30266,Toulouse FC,RC Lens,0,3,3421,3421,36,64,8,16,2,7,3,8,3,1,2,8,16,16,2,3,1,,0.663,1.639,,,268,571,199,509,21,16,15,12,4,2,21,17,,4,11,14,full_time
l1_championship_match_73263,2025,2026-01-03,17,Eric WATTELLIER,DECATHLON ARENA – STADE PIERRE-MAUROY,41527,LOSC,Rennes,0,2,4231,352,42,58,13,18,3,4,5,9,5,5,4,7,4,14,1,1,1,,0.846,1.567,,2,380,605,315,540,10,14,7,8,2,3,25,24,1,,7,7,full_time
l1_championship_match_73266,2025,2026-01-03,17,Jérôme BRISARD,STADE LOUIS-II,11828,AS Monaco,OL,1,3,4312,4312,45,55,6,13,2,9,1,3,3,1,7,2,14,12,2,3,1,,0.686,1.397,,,371,478,303,407,13,12,8,8,6,1,10,36,,,11,9,full_time
l1_championship_match_73267,2025,2026-01-03,17,Clément TURPIN,ALLIANZ RIVIERA,18365,OGC Nice,Strasbourg,1,1,4141,4231,47,53,19,8,6,5,9,2,4,1,5,7,12,12,1,2,,,2.905,1.352,1,1,443,541,384,468,17,17,9,11,2,5,31,25,6,1,11,7,full_time
l1_championship_match_73261,2025,2026-01-04,17,Jérémy STINAT,STADE FRANCIS-LE BLÉ,13772,Brest,AJ Auxerre,2,0,442,433,50,50,11,10,4,1,4,5,3,4,7,6,16,9,3,2,,,2.012,0.739,1,,451,450,369,374,21,15,14,10,1,2,25,26,3,1,19,14,full_time
l1_championship_match_73262,2025,2026-01-04,17,Hakim BEN EL HADJ,STADE OCÉANE,16099,Havre AC,Angers SCO,2,1,41212,4231,51,49,11,9,6,3,3,3,2,3,6,6,15,8,1,1,,,1.167,0.554,1,2,398,409,325,313,19,18,13,12,2,3,37,28,3,,14,15,full_time
l1_championship_match_73264,2025,2026-01-04,17,Guillaume PARADIS,STADE YVES-ALLAINMAT,12602,FC Lorient,FC Metz,1,1,343,4231,44,56,16,8,5,2,8,3,3,3,4,4,9,8,1,2,,,1.45,0.415,3,1,433,581,365,522,16,12,11,4,1,4,16,24,2,,8,9,full_time
l1_championship_match_73265,2025,2026-01-04,17,Marc BOLLENGIER,ORANGE VÉLODROME,64780,OM,FC Nantes,0,2,3421,541,54,46,11,15,4,9,4,2,3,4,6,3,17,20,1,3,2,,0.752,3.757,3,4,466,380,406,325,14,23,8,12,7,4,15,34,2,2,5,14,full_time
l1_championship_match_73268,2025,2026-01-04,17,Benoît BASTIEN,PARC DES PRINCES,47892,PSG,Paris FC,2,1,433,541,65,35,20,6,6,3,10,3,4,,7,1,7,4,1,,,,1.718,1.013,,2,782,332,708,262,18,17,9,11,2,4,7,35,1,,7,8,full_time
l1_championship_match_73273,2025,2026-01-16,18,Willy DELAJOD,STADE LOUIS-II,4810,AS Monaco,FC Lorient,1,3,4222,3421,57,43,14,14,7,4,5,7,2,3,4,3,16,9,1,,,,1.247,1.377,,1,583,371,527,320,17,15,12,9,1,6,12,39,1,,13,15,full_time
l1_championship_match_73275,2025,2026-01-16,18,Jérôme BRISARD,PARC DES PRINCES,46909,PSG,LOSC,3,0,433,433,59,41,13,7,7,4,4,2,2,1,4,2,14,6,,1,,,1.404,1.155,1,3,705,436,645,369,23,11,10,6,4,4,12,12,,1,3,4,full_time
l1_championship_match_73270,2025,2026-01-17,18,Ruddy BUQUET,STADE RAYMOND-KOPA,15266,Angers SCO,OM,2,5,4231,3421,37,63,7,23,3,11,2,8,2,4,6,2,9,8,1,1,,,0.939,2.844,1,1,356,726,302,672,20,21,11,12,6,1,19,9,,3,4,6,full_time
l1_championship_match_73271,2025,2026-01-17,18,Bastien DECHEPY,STADE BOLLAERT-DELELIS,38083,RC Lens,AJ Auxerre,1,0,3421,532,49,51,19,5,7,,7,4,5,1,2,5,19,20,2,5,,,2.662,0.562,2,,407,434,329,335,23,26,19,20,,6,19,16,4,,10,14,full_time
l1_championship_match_73278,2025,2026-01-17,18,Gaël ANGOULA,STADIUM,25284,Toulouse FC,OGC Nice,5,1,343,433,46,54,22,15,10,6,7,5,5,4,6,7,12,17,1,2,,,1.843,1.994,,1,387,516,323,439,10,20,5,12,5,4,31,18,,2,21,9,full_time
l1_championship_match_73272,2025,2026-01-18,18,Romain LISSORGUE,GROUPAMA STADIUM,46046,OL,Brest,2,1,433,4231,65,35,19,5,6,2,5,3,8,,5,,18,9,2,,,1,1.981,0.69,2,1,644,265,585,186,19,20,11,12,1,4,13,30,3,2,14,17,full_time
l1_championship_match_73274,2025,2026-01-18,18,Benoît MILLOT,STADE DE LA BEAUJOIRE-LOUIS FONTENEAU,24768,FC Nantes,Paris FC,1,2,343,541,49,51,5,10,1,3,3,2,1,5,1,2,16,14,1,3,,,0.352,0.813,3,,467,501,402,429,16,19,10,11,1,,19,21,,,17,8,full_time
l1_championship_match_73276,2025,2026-01-18,18,Stéphanie FRAPPART,ROAZHON PARK,27650,Rennes,Havre AC,1,1,3142,3412,52,48,19,7,7,4,5,1,7,2,10,6,18,14,1,4,,,2.355,0.752,5,1,397,344,317,249,13,22,9,15,3,6,15,39,3,1,20,16,full_time
l1_championship_match_73277,2025,2026-01-18,18,Jérémie PIGNARD,STADE DE LA MEINAU,30612,Strasbourg,FC Metz,2,1,4231,4231,49,51,14,9,6,2,3,4,5,3,4,1,12,12,2,3,,,1.091,1.081,2,1,478,526,433,464,16,19,9,8,1,5,16,26,2,,13,6,full_time
l1_championship_match_73279,2025,2026-01-23,19,Mathieu VERNICE,STADE DE L'ABBÉ-DESCHAMPS,17254,AJ Auxerre,PSG,0,1,541,433,36,64,8,16,,8,5,3,3,5,2,7,10,12,,1,,,0.35,2.741,2,,303,692,234,623,18,15,11,8,7,,24,15,,4,8,7,full_time
l1_championship_match_73281,2025,2026-01-24,19,Marc BOLLENGIER,STADE OCÉANE,19033,Havre AC,AS Monaco,0,0,4312,4222,48,52,7,10,1,2,4,7,2,1,5,6,9,20,,3,,,0.251,0.622,1,5,349,402,266,334,16,15,8,9,2,,27,16,,1,18,11,full_time
l1_championship_match_73283,2025,2026-01-24,19,Benoît BASTIEN,ORANGE VÉLODROME,52673,OM,RC Lens,3,1,3421,3421,53,47,10,7,5,2,2,2,3,3,2,2,18,16,1,3,,,0.999,1.024,1,4,556,471,497,411,15,21,9,13,1,2,22,7,,2,4,4,full_time
l1_championship_match_73287,2025,2026-01-24,19,Clément TURPIN,ROAZHON PARK,28659,Rennes,FC Lorient,0,2,352,3421,62,38,22,6,5,4,10,1,7,1,9,3,18,7,2,,,,1.76,1.316,3,1,546,259,483,175,13,10,7,5,2,5,14,57,2,1,17,11,full_time
l1_championship_match_73280,2025,2026-01-25,19,Guillaume PARADIS,STADE FRANCIS-LE BLÉ,13823,Brest,Toulouse FC,0,2,4222,3421,53,47,13,8,5,5,5,2,3,1,3,3,16,16,2,3,,,1.039,0.368,1,4,498,422,399,340,15,11,8,9,3,4,20,45,2,1,16,15,full_time
l1_championship_match_73282,2025,2026-01-25,19,Willy DELAJOD,DECATHLON ARENA – STADE PIERRE-MAUROY,38551,LOSC,Strasbourg,1,4,541,4231,47,53,20,15,6,6,11,6,3,3,8,1,11,13,2,2,,,1.892,3.194,,1,414,481,350,421,12,19,8,13,2,5,13,18,2,2,6,13,full_time
l1_championship_match_73284,2025,2026-01-25,19,Eric WATTELLIER,STADE SAINT-SYMPHORIEN,28244,FC Metz,OL,2,5,433,3412,51,49,15,13,6,10,2,1,7,2,6,4,10,5,1,,,,1.304,2.587,4,2,470,432,404,355,7,10,4,3,5,4,11,33,,3,12,6,full_time
l1_championship_match_73285,2025,2026-01-25,19,Hakim BEN EL HADJ,STADE DE LA BEAUJOIRE-LOUIS FONTENEAU,23112,FC Nantes,OGC Nice,1,4,433,4231,52,48,20,7,5,4,11,3,4,,4,2,11,15,3,3,,,1.589,1.117,,3,447,370,337,270,22,24,15,16,,5,17,46,2,1,22,15,full_time
l1_championship_match_73286,2025,2026-01-25,19,Thomas LEONARD,STADE JEAN BOUIN,15003,Paris FC,Angers SCO,0,0,541,4231,60,40,8,7,1,1,5,4,2,2,2,1,14,7,1,1,,,0.799,0.662,2,1,624,365,545,287,19,15,14,6,1,1,20,23,1,,8,10,full_time
l1_championship_match_73289,2025,2026-01-30,20,Jérémy STINAT,STADE BOLLAERT-DELELIS,38158,RC Lens,Havre AC,1,0,3421,3412,53,47,15,8,3,2,9,5,3,1,4,3,20,10,1,2,,,2.082,0.553,,,473,410,399,319,23,16,12,8,2,2,31,26,1,1,14,15,full_time
l1_championship_match_73290,2025,2026-01-31,20,Bastien DECHEPY,STADE YVES-ALLAINMAT,14237,FC Lorient,FC Nantes,2,1,3421,3421,55,45,5,10,4,2,1,6,,2,1,4,12,18,4,5,,,0.523,1.422,2,2,566,419,495,352,12,17,8,9,1,2,17,29,,1,7,11,full_time
l1_championship_match_73292,2025,2026-01-31,20,Ruddy BUQUET,STADE LOUIS-II,5319,AS Monaco,Rennes,4,0,3421,352,48,52,14,8,6,4,5,3,3,1,5,2,15,9,1,2,,,2.206,0.384,3,5,418,496,331,413,20,13,13,8,4,2,20,12,,,5,9,full_time
l1_championship_match_73294,2025,2026-01-31,20,Jérémie PIGNARD,STADE JEAN BOUIN,19209,Paris FC,OM,2,2,541,3421,51,49,9,18,4,4,3,9,2,5,4,4,12,15,1,4,,,1.526,2.629,5,1,492,464,429,397,12,12,7,8,2,2,29,17,1,1,7,6,full_time
l1_championship_match_73288,2025,2026-02-01,20,Benoît MILLOT,STADE RAYMOND-KOPA,10336,Angers SCO,FC Metz,1,0,4231,433,63,37,17,5,7,,5,2,5,3,4,3,11,11,2,2,,1,1.499,0.453,1,1,666,328,613,262,16,13,7,6,1,6,24,25,1,,12,6,full_time
l1_championship_match_73291,2025,2026-02-01,20,François LETEXIER,GROUPAMA STADIUM,56150,OL,LOSC,1,0,433,4231,44,56,3,11,2,4,,5,1,2,2,7,15,11,1,4,,,0.537,0.532,1,1,415,560,338,500,24,26,18,12,4,1,30,11,,,12,12,full_time
l1_championship_match_73293,2025,2026-02-01,20,Stéphanie FRAPPART,ALLIANZ RIVIERA,18757,OGC Nice,Brest,2,2,4231,4231,57,43,15,12,7,2,2,6,6,4,6,5,15,21,5,3,,,1.205,1.676,1,,507,338,427,261,15,24,9,18,,5,24,46,1,1,17,22,full_time
l1_championship_match_73295,2025,2026-02-01,20,Eric WATTELLIER,STADE DE LA MEINAU,31324,Strasbourg,PSG,1,2,4231,433,35,65,9,13,4,4,2,4,3,5,5,7,8,6,1,,,1,2.309,1.339,5,,319,698,269,636,10,13,7,7,2,3,16,18,2,1,7,6,full_time
l1_championship_match_73296,2025,2026-02-01,20,Romain LISSORGUE,STADIUM,23704,Toulouse FC,AJ Auxerre,0,0,3421,433,50,50,12,8,4,2,4,4,4,2,5,4,12,13,1,2,,,0.695,0.908,2,1,459,463,382,376,20,11,11,9,2,4,25,25,1,2,23,14,full_time
l1_championship_match_73302,2025,2026-02-06,21,Guillaume PARADIS,STADE SAINT-SYMPHORIEN,20378,FC Metz,LOSC,0,0,4231,4231,45,55,6,16,2,2,3,8,1,6,1,6,12,9,1,1,,,0.626,1.648,3,1,318,442,254,370,18,16,13,14,2,2,30,18,1,1,13,18,full_time
l1_championship_match_73299,2025,2026-02-07,21,Gaël ANGOULA,STADE FRANCIS-LE BLÉ,14944,Brest,FC Lorient,2,0,4231,3421,43,57,12,13,5,2,4,7,3,4,7,7,11,10,2,,,,1.735,0.741,2,1,360,515,281,443,19,12,8,7,2,2,34,28,2,1,17,19,full_time
l1_championship_match_73301,2025,2026-02-07,21,Jérémie PIGNARD,STADE BOLLAERT-DELELIS,38174,RC Lens,Rennes,3,1,3421,352,52,48,9,14,3,1,3,8,3,5,4,4,13,17,3,2,1,,1.159,1.503,2,1,432,398,365,340,18,19,10,13,,,25,22,,2,9,8,full_time
l1_championship_match_73303,2025,2026-02-07,21,Mathieu VERNICE,STADE DE LA BEAUJOIRE-LOUIS FONTENEAU,30849,FC Nantes,OL,0,1,3421,433,51,49,13,10,2,3,8,6,3,1,5,4,13,11,4,2,,1,0.755,1.406,3,,436,390,363,321,22,20,16,13,2,2,23,37,2,2,18,11,full_time
l1_championship_match_73297,2025,2026-02-08,21,Clément TURPIN,STADE RAYMOND-KOPA,11237,Angers SCO,Toulouse FC,1,0,4231,3421,52,48,12,12,4,5,7,5,1,2,3,5,11,16,3,2,,,1.049,0.509,1,,473,446,411,377,19,21,10,14,5,3,22,16,2,1,15,14,full_time
l1_championship_match_73298,2025,2026-02-08,21,François LETEXIER,STADE DE L'ABBÉ-DESCHAMPS,15834,AJ Auxerre,Paris FC,0,0,433,541,49,51,12,7,2,4,6,3,4,,7,4,8,11,1,4,,,0.944,0.767,2,3,415,455,340,384,11,16,6,9,4,2,11,30,2,1,17,11,full_time
l1_championship_match_73300,2025,2026-02-08,21,Abdelatif KHERRADJI,STADE OCÉANE,18014,Havre AC,Strasbourg,2,1,433,4231,50,50,15,10,7,3,5,1,3,6,9,3,15,12,2,1,,1,0.906,0.423,2,1,388,387,332,331,27,22,18,13,2,5,21,21,,1,6,4,full_time
l1_championship_match_73304,2025,2026-02-08,21,Benoît BASTIEN,ALLIANZ RIVIERA,24243,OGC Nice,AS Monaco,0,0,4231,3421,46,54,13,10,4,2,7,6,2,2,8,6,10,11,2,2,,,0.568,0.618,2,1,328,433,242,337,15,26,12,18,2,3,30,27,,1,15,16,full_time
l1_championship_match_73305,2025,2026-02-08,21,Willy DELAJOD,PARC DES PRINCES,47926,PSG,OM,5,0,433,541,58,42,22,9,7,3,12,2,3,4,5,2,11,18,2,2,,,4.391,0.659,3,1,548,395,491,321,14,14,7,8,3,3,11,11,6,1,9,9,full_time
l1_championship_match_73312,2025,2026-02-13,22,Eric WATTELLIER,STADE LOUIS-II,5237,AS Monaco,FC Nantes,3,1,4231,3421,48,52,12,13,6,2,3,5,3,6,9,3,15,8,4,2,1,,1.784,1.145,2,2,407,462,326,385,22,20,12,14,1,3,27,22,2,2,12,17,full_time
l1_championship_match_73314,2025,2026-02-13,22,Benoît BASTIEN,ROAZHON PARK,28545,Rennes,PSG,3,1,4231,433,38,62,13,22,4,7,4,7,5,8,5,8,10,9,,,,,1.356,3.581,3,1,302,631,230,567,16,21,11,15,6,1,30,14,1,8,6,10,full_time
l1_championship_match_73307,2025,2026-02-14,22,Hakim BEN EL HADJ,DECATHLON ARENA – STADE PIERRE-MAUROY,44145,LOSC,Brest,1,1,4231,4231,64,36,20,11,5,4,7,3,8,4,13,1,6,12,,1,,,1.649,0.697,2,,614,274,534,189,15,21,9,11,3,4,27,38,1,1,15,13,full_time
l1_championship_match_73310,2025,2026-02-14,22,François LETEXIER,ORANGE VÉLODROME,59238,OM,Strasbourg,2,2,4231,4231,46,54,10,12,6,4,4,7,,1,5,5,11,10,4,2,,,1.325,1.922,,,429,549,362,490,25,17,18,10,2,4,24,21,1,3,11,8,full_time
l1_championship_match_73313,2025,2026-02-14,22,Bastien DECHEPY,STADE JEAN BOUIN,17536,Paris FC,RC Lens,0,5,3421,3421,54,46,11,17,6,6,2,5,3,6,3,5,13,9,2,1,,,0.606,3.919,,6,588,415,501,352,20,20,15,11,1,6,25,18,,3,8,10,full_time
l1_championship_match_73306,2025,2026-02-15,22,Jérôme BRISARD,STADE OCÉANE,18345,Havre AC,Toulouse FC,2,1,3142,3421,39,61,5,25,2,9,2,7,1,9,1,10,7,16,2,4,1,,1.161,2.36,1,1,280,556,204,486,22,22,13,6,8,1,45,5,,3,20,14,full_time
l1_championship_match_73308,2025,2026-02-15,22,Stéphanie FRAPPART,STADE YVES-ALLAINMAT,13720,FC Lorient,Angers SCO,2,0,3421,4231,57,43,8,10,2,3,5,3,1,4,3,2,7,8,,,,,0.954,0.418,1,1,641,453,573,392,16,13,13,10,3,,10,20,,,6,14,full_time
l1_championship_match_73309,2025,2026-02-15,22,Thomas LEONARD,GROUPAMA STADIUM,48618,OL,OGC Nice,2,0,3421,4231,56,44,9,10,2,3,4,4,3,3,8,5,16,12,3,1,,,1.523,1.458,,,616,457,546,382,10,12,6,7,3,,25,13,2,3,12,7,full_time
l1_championship_match_73311,2025,2026-02-15,22,Marc BOLLENGIER,STADE SAINT-SYMPHORIEN,22931,FC Metz,AJ Auxerre,1,3,4231,433,57,43,13,14,4,3,5,6,4,5,4,3,13,12,2,2,,,0.812,1.117,,3,553,337,481,276,17,22,12,15,2,3,21,28,1,1,10,10,full_time
l1_championship_match_73317,2025,2026-02-20,23,Romain LISSORGUE,STADE FRANCIS-LE BLÉ,14482,Brest,OM,2,0,4231,4141,37,63,12,17,4,4,6,9,2,4,3,2,10,17,1,4,,,1.263,1.686,2,1,304,637,226,570,20,15,10,6,4,2,42,26,4,1,20,14,full_time
l1_championship_match_73318,2025,2026-02-21,23,Willy DELAJOD,STADE BOLLAERT-DELELIS,37727,RC Lens,AS Monaco,2,3,3421,3142,53,47,18,10,7,5,6,4,5,1,7,2,13,12,2,2,,,1.807,1.696,1,,450,422,385,344,17,19,12,11,2,5,22,24,1,2,10,10,full_time
l1_championship_match_73321,2025,2026-02-21,23,Abdelatif KHERRADJI,PARC DES PRINCES,46841,PSG,FC Metz,3,0,433,4141,64,36,17,3,7,,5,2,5,1,4,1,9,15,,2,,,2.407,0.089,3,2,695,333,647,276,11,16,7,5,,4,10,17,2,,9,7,full_time
l1_championship_match_73323,2025,2026-02-21,23,Benoît MILLOT,STADIUM,23200,Toulouse FC,Paris FC,1,1,3421,541,53,47,23,5,10,2,5,1,8,2,12,3,13,7,2,5,,,2.931,0.883,1,3,471,387,400,310,17,20,11,13,1,9,12,41,4,,15,8,full_time
l1_championship_match_73315,2025,2026-02-22,23,Mathieu VERNICE,STADE RAYMOND-KOPA,0,Angers SCO,LOSC,0,1,4231,4231,46,54,5,14,2,5,3,6,,3,1,7,14,11,3,1,,,0.389,2.333,2,1,455,542,374,475,16,20,11,14,4,2,18,13,,3,16,10,full_time
l1_championship_match_73316,2025,2026-02-22,23,Gaël ANGOULA,STADE DE L'ABBÉ-DESCHAMPS,15894,AJ Auxerre,Rennes,0,3,433,4231,45,55,11,12,2,7,7,3,2,2,4,5,17,22,1,4,,,0.691,1.141,1,2,347,471,253,378,26,25,16,17,3,2,18,29,1,,13,10,full_time
l1_championship_match_73319,2025,2026-02-22,23,Jérémie PIGNARD,STADE DE LA BEAUJOIRE-LOUIS FONTENEAU,23341,FC Nantes,Havre AC,2,0,352,433,36,64,9,6,2,1,2,3,5,2,5,6,17,13,4,3,,,1.262,0.699,,4,207,526,132,445,24,13,14,7,1,1,42,25,2,2,18,23,full_time
l1_championship_match_73320,2025,2026-02-22,23,Jérémy STINAT,ALLIANZ RIVIERA,18083,OGC Nice,FC Lorient,3,3,4231,3421,42,58,8,17,4,5,2,9,2,3,3,7,15,4,2,3,,,3.242,2.217,,2,360,544,287,464,22,11,16,7,2,,37,13,2,1,22,21,full_time
l1_championship_match_73322,2025,2026-02-22,23,Ruddy BUQUET,STADE DE LA MEINAU,29000,Strasbourg,OL,3,1,4231,433,51,49,13,4,7,2,4,1,2,1,4,2,11,12,1,2,,,2.151,0.337,3,2,448,458,396,383,11,17,4,9,1,4,14,23,4,1,4,6,full_time
l1_championship_match_73332,2025,2026-02-27,24,Clément TURPIN,STADE DE LA MEINAU,29000,Strasbourg,RC Lens,1,1,4231,3421,54,46,8,25,5,5,1,16,2,4,2,8,9,8,2,2,,,0.84,1.834,,2,533,409,460,341,19,20,11,12,4,4,25,13,1,4,7,8,full_time
l1_championship_match_73324,2025,2026-02-28,24,Marc BOLLENGIER,STADE OCÉANE,23569,Havre AC,PSG,0,1,3421,433,36,64,10,22,2,9,4,8,4,5,3,3,12,10,3,,,,0.675,3.821,3,3,322,699,243,636,17,10,11,5,7,2,20,23,2,6,7,9,full_time
l1_championship_match_73329,2025,2026-02-28,24,Guillaume PARADIS,STADE LOUIS-II,5186,AS Monaco,Angers SCO,2,0,3421,352,67,33,10,6,4,2,4,2,2,2,5,2,9,10,,3,,,1.515,0.738,1,,778,294,699,229,20,16,19,7,2,2,18,16,2,1,23,10,full_time
l1_championship_match_73331,2025,2026-02-28,24,Stéphanie FRAPPART,ROAZHON PARK,28060,Rennes,Toulouse FC,1,0,433,3421,61,39,10,9,2,2,6,6,2,1,6,1,9,13,1,3,,,0.891,0.552,1,,666,358,577,271,20,26,9,15,2,1,24,24,2,1,12,11,full_time
l1_championship_match_73325,2025,2026-03-01,24,Thomas LEONARD,DECATHLON ARENA – STADE PIERRE-MAUROY,39161,LOSC,FC Nantes,1,0,4231,532,66,34,9,3,3,1,2,1,4,1,4,1,11,15,3,1,,,0.632,0.192,3,2,607,227,513,140,15,22,5,14,1,2,21,30,,,20,16,full_time
l1_championship_match_73326,2025,2026-03-01,24,Ruddy BUQUET,STADE YVES-ALLAINMAT,16071,FC Lorient,AJ Auxerre,2,2,3421,442,50,50,15,10,5,3,5,4,5,3,3,7,11,10,1,3,,,1.117,1.409,,,455,449,388,375,15,20,10,9,1,3,28,22,1,1,21,13,full_time
l1_championship_match_73327,2025,2026-03-01,24,Jérôme BRISARD,ORANGE VÉLODROME,66225,OM,OL,3,2,4231,41212,51,49,18,12,7,6,5,5,6,1,8,1,16,8,3,2,,,2.326,1.468,,4,456,439,376,359,19,17,13,10,4,4,15,27,1,3,15,9,full_time
l1_championship_match_73328,2025,2026-03-01,24,Jérémy STINAT,STADE SAINT-SYMPHORIEN,19705,FC Metz,Brest,0,1,4141,4231,60,40,24,6,6,1,9,2,9,3,12,4,14,11,2,1,,1,1.516,0.874,1,,553,308,492,231,21,25,11,14,,6,13,42,2,1,23,18,full_time
l1_championship_match_73330,2025,2026-03-01,24,Hakim BEN EL HADJ,STADE JEAN BOUIN,14879,Paris FC,OGC Nice,1,0,4231,4231,43,57,16,11,6,3,6,4,4,4,8,6,7,8,5,2,1,,1.23,1.273,1,1,347,520,261,441,18,16,5,5,3,5,37,15,,2,21,12,full_time
l1_championship_match_73340,2025,2026-03-06,25,Ruddy BUQUET,PARC DES PRINCES,46806,PSG,AS Monaco,1,3,433,3412,65,35,20,11,6,6,10,3,4,2,7,3,12,6,1,3,,,1.09,1.335,1,2,704,269,633,203,18,25,15,18,3,5,16,19,2,1,15,2,full_time
l1_championship_match_73333,2025,2026-03-07,25,Jérémie PIGNARD,STADE DE L'ABBÉ-DESCHAMPS,16237,AJ Auxerre,Strasbourg,0,0,442,4231,33,67,10,13,4,5,3,5,3,3,5,4,10,11,1,2,,,0.747,1.084,1,3,238,672,168,606,23,9,13,3,5,4,24,18,,5,9,8,full_time
l1_championship_match_73338,2025,2026-03-07,25,Willy DELAJOD,STADE DE LA BEAUJOIRE-LOUIS FONTENEAU,25042,FC Nantes,Angers SCO,0,1,532,352,49,51,13,11,3,4,8,5,2,2,3,4,14,19,1,1,,,0.839,0.701,1,3,371,417,305,345,20,16,11,11,3,3,23,33,,,22,20,full_time
l1_championship_match_73341,2025,2026-03-07,25,Bastien DECHEPY,STADIUM,31788,Toulouse FC,OM,0,1,3421,3412,50,50,12,10,2,3,7,6,3,1,4,2,15,14,2,3,,,0.914,1.13,3,1,438,461,363,386,19,26,10,11,2,2,10,22,1,3,8,9,full_time
l1_championship_match_73334,2025,2026-03-08,25,Benoît BASTIEN,STADE FRANCIS-LE BLÉ,14601,Brest,Havre AC,2,0,4231,433,44,56,11,14,2,,7,11,2,3,1,3,15,17,3,1,,,1.106,0.905,1,,337,484,252,406,24,14,8,9,,,28,26,1,1,13,23,full_time
l1_championship_match_73335,2025,2026-03-08,25,Mathieu VERNICE,STADE BOLLAERT-DELELIS,37381,RC Lens,FC Metz,3,0,3421,532,51,49,24,5,7,,12,2,5,3,6,4,12,17,,3,,,2.754,0.396,3,1,487,469,427,401,15,23,9,12,,4,13,29,4,,13,12,full_time
l1_championship_match_73336,2025,2026-03-08,25,Abdelatif KHERRADJI,DECATHLON ARENA – STADE PIERRE-MAUROY,42082,LOSC,FC Lorient,1,1,4312,541,55,45,12,9,2,5,7,3,3,1,5,1,14,13,3,1,,,0.699,0.453,1,,529,394,461,335,16,14,11,13,3,1,11,31,1,,13,11,full_time
l1_championship_match_73337,2025,2026-03-08,25,Eric WATTELLIER,GROUPAMA STADIUM,42148,OL,Paris FC,1,1,4141,433,58,42,14,14,4,4,8,7,2,3,8,2,7,9,2,,,,1.853,1.779,,2,552,354,493,285,11,13,5,6,3,3,14,45,2,3,19,13,full_time
l1_championship_match_73339,2025,2026-03-08,25,Romain LISSORGUE,ALLIANZ RIVIERA,21134,OGC Nice,Rennes,0,4,4231,433,42,58,14,12,2,7,6,3,6,2,7,1,9,8,2,1,,,1.971,1.631,4,3,394,614,306,527,16,18,7,11,3,3,12,27,6,2,10,10,full_time
l1_championship_match_73345,2025,2026-03-13,26,Marc BOLLENGIER,ORANGE VÉLODROME,55766,OM,AJ Auxerre,1,0,4231,541,56,44,16,8,3,3,7,2,6,3,9,2,12,17,4,2,,,0.824,0.309,1,,518,379,450,305,13,14,8,9,3,2,24,32,,,15,8,full_time
l1_championship_match_73342,2025,2026-03-14,26,François LETEXIER,STADE RAYMOND-KOPA,12709,Angers SCO,OGC Nice,0,2,352,3511,47,53,10,12,,8,8,2,2,2,7,6,10,13,1,3,,,0.914,1.81,1,1,436,510,365,447,17,16,11,10,6,,28,24,1,2,10,12,full_time
l1_championship_match_73344,2025,2026-03-14,26,Thomas LEONARD,STADE YVES-ALLAINMAT,15942,FC Lorient,RC Lens,2,1,3421,3421,38,62,6,20,3,6,1,10,2,4,1,10,6,11,2,3,,,1.463,1.214,1,,339,621,260,568,18,13,7,7,5,1,48,15,1,,15,16,full_time
l1_championship_match_73347,2025,2026-03-14,26,Jérémie PIGNARD,STADE LOUIS-II,5288,AS Monaco,Brest,2,0,3421,4231,55,45,10,13,4,1,4,9,2,3,3,8,9,8,2,1,,,2.318,1.477,5,,523,393,439,301,14,28,8,17,1,2,36,20,3,2,17,20,full_time
l1_championship_match_73343,2025,2026-03-15,26,Jérémy STINAT,STADE OCÉANE,22264,Havre AC,OL,0,0,4132,4231,40,60,12,13,4,4,7,7,1,2,2,2,7,16,1,3,1,,0.724,1.089,5,3,267,511,205,446,18,14,12,10,4,4,23,18,,1,10,14,full_time
l1_championship_match_73346,2025,2026-03-15,26,Gaël ANGOULA,STADE SAINT-SYMPHORIEN,19760,FC Metz,Toulouse FC,3,4,4231,343,51,49,17,19,8,6,6,6,3,7,4,4,10,13,,3,,,1.597,1.629,,,499,498,442,433,18,14,11,7,2,5,18,14,1,,15,12,full_time
l1_championship_match_73349,2025,2026-03-15,26,Jérôme BRISARD,ROAZHON PARK,28219,Rennes,LOSC,1,2,433,4231,57,43,12,8,4,3,5,2,3,3,5,2,16,7,2,5,,,0.987,1.618,3,1,579,402,493,315,10,15,5,10,1,3,13,31,2,,18,11,full_time
l1_championship_match_73350,2025,2026-03-15,26,Benoît MILLOT,STADE DE LA MEINAU,29865,Strasbourg,Paris FC,0,0,4231,541,58,42,12,11,3,2,2,6,7,3,12,4,11,17,1,,,,1.139,0.534,1,,575,380,520,311,24,13,14,9,2,3,15,38,3,1,11,19,full_time
l1_championship_match_73348,2025,2026-04-22,26,Clément TURPIN,PARC DES PRINCES,47388,PSG,FC Nantes,3,0,433,532,66,34,14,11,6,4,4,2,4,5,7,6,11,8,2,1,,,2.165,1.187,2,2,732,303,664,240,14,11,9,6,4,3,16,25,,,12,10,full_time
l1_championship_match_73352,2025,2026-03-20,27,Stéphanie FRAPPART,STADE BOLLAERT-DELELIS,37303,RC Lens,Angers SCO,5,1,3421,4231,56,44,26,16,9,5,12,6,5,5,7,3,7,5,,,,,3.394,1.661,,3,592,435,530,364,17,20,9,16,4,4,16,15,3,,12,8,full_time
l1_championship_match_73351,2025,2026-03-21,27,Thomas LEONARD,STADE DE L'ABBÉ-DESCHAMPS,15336,AJ Auxerre,Brest,3,0,4411,4231,46,54,11,9,7,2,1,3,3,4,6,3,10,14,,4,1,,1.278,0.943,2,3,318,396,241,333,15,11,8,9,2,4,25,18,2,1,12,16,full_time
l1_championship_match_73356,2025,2026-03-21,27,Willy DELAJOD,ALLIANZ RIVIERA,28815,OGC Nice,PSG,0,4,3511,433,30,70,6,17,1,10,3,4,2,3,2,5,12,5,,1,1,,0.239,4.135,5,4,241,729,190,675,11,12,4,8,5,1,9,6,,4,5,6,full_time
l1_championship_match_73359,2025,2026-03-21,27,Guillaume PARADIS,STADIUM,23011,Toulouse FC,FC Lorient,1,0,343,3421,44,56,12,7,4,2,6,3,2,2,1,4,9,10,2,3,,,1.802,0.396,1,2,437,602,365,530,10,10,7,5,2,3,21,18,2,,9,8,full_time
l1_championship_match_73353,2025,2026-03-22,27,François LETEXIER,GROUPAMA STADIUM,56039,OL,AS Monaco,1,2,4231,3412,55,45,15,21,4,7,4,6,7,8,2,6,11,19,,3,1,,1.512,3.282,2,,461,357,377,277,9,16,7,11,6,2,26,25,1,4,15,13,full_time
l1_championship_match_73354,2025,2026-03-22,27,Benoît BASTIEN,ORANGE VÉLODROME,59865,OM,LOSC,1,2,4231,4231,54,46,14,11,3,4,6,4,5,3,6,4,8,6,1,3,,,0.672,0.978,,1,534,444,476,373,5,15,5,10,2,2,18,23,1,1,5,8,full_time
l1_championship_match_73355,2025,2026-03-22,27,Mathieu VERNICE,STADE DE LA BEAUJOIRE-LOUIS FONTENEAU,21878,FC Nantes,Strasbourg,2,3,4141,4231,40,60,13,13,9,9,4,1,,3,3,6,15,17,3,3,,,1.638,2.536,,2,327,576,254,522,19,11,12,7,6,7,18,27,1,3,6,6,full_time
l1_championship_match_73357,2025,2026-03-22,27,Clément TURPIN,STADE JEAN BOUIN,15612,Paris FC,Havre AC,3,2,433,4132,44,56,15,20,4,6,9,13,2,1,9,5,9,13,,1,1,,2.057,2.047,5,2,263,369,191,313,14,16,8,8,4,2,28,18,3,1,12,19,full_time
l1_championship_match_73358,2025,2026-03-22,27,Bastien DECHEPY,ROAZHON PARK,28206,Rennes,FC Metz,0,0,433,4231,61,39,25,7,8,2,11,4,6,1,8,2,13,13,1,3,,,1.487,0.329,2,2,602,291,534,208,21,19,11,14,2,8,16,40,2,,14,16,full_time
l1_championship_match_73367,2025,2026-04-03,28,Eric WATTELLIER,PARC DES PRINCES,47710,PSG,Toulouse FC,3,1,433,3421,67,33,17,5,7,1,6,4,4,,5,2,4,13,,1,,,1.987,0.161,2,4,814,314,737,245,19,10,8,5,,3,13,15,2,,8,7,full_time
l1_championship_match_73361,2025,2026-04-04,28,Marc BOLLENGIER,STADE FRANCIS-LE BLÉ,15031,Brest,Rennes,3,4,4231,442,42,58,10,15,4,7,3,5,3,3,3,7,13,11,3,3,,,1.304,2.963,2,3,315,503,240,425,16,10,10,7,3,1,26,29,1,1,15,19,full_time
l1_championship_match_73363,2025,2026-04-04,28,François LETEXIER,DECATHLON ARENA – STADE PIERRE-MAUROY,48491,LOSC,RC Lens,3,0,4231,3421,55,45,13,5,7,1,4,4,2,,3,3,9,13,3,2,,,3.678,0.591,1,1,469,371,397,293,15,13,10,7,1,4,17,24,3,1,9,10,full_time
l1_championship_match_73368,2025,2026-04-04,28,Thomas LEONARD,STADE DE LA MEINAU,29000,Strasbourg,OGC Nice,3,1,4231,442,58,42,16,8,6,3,7,1,3,4,4,10,7,15,,2,,,2.857,0.323,1,2,593,394,531,332,18,26,11,17,2,3,26,19,2,,14,8,full_time
l1_championship_match_73360,2025,2026-04-05,28,Ruddy BUQUET,STADE RAYMOND-KOPA,14674,Angers SCO,OL,0,0,532,4231,37,63,7,11,1,2,2,4,4,5,3,7,14,13,3,,,,0.3,0.731,1,,271,603,205,525,12,19,7,10,2,1,20,19,,1,10,11,full_time
l1_championship_match_73362,2025,2026-04-05,28,Benoît MILLOT,STADE OCÉANE,21053,Havre AC,AJ Auxerre,1,1,343,4231,52,48,10,12,3,2,5,5,2,5,5,5,16,21,2,2,,,0.652,1.807,3,3,396,361,320,289,16,18,8,16,1,2,11,24,,2,10,7,full_time
l1_championship_match_73364,2025,2026-04-05,28,Gaël ANGOULA,STADE YVES-ALLAINMAT,16211,FC Lorient,Paris FC,1,1,3421,4231,50,50,10,7,3,5,5,2,2,,5,6,8,6,1,2,,,1.21,0.968,3,,445,452,386,393,12,16,9,9,4,2,29,26,2,2,14,13,full_time
l1_championship_match_73365,2025,2026-04-05,28,Jérôme BRISARD,STADE SAINT-SYMPHORIEN,20591,FC Metz,FC Nantes,0,0,4231,4141,61,39,19,6,5,2,9,3,5,1,6,3,14,10,2,1,,1,2.277,0.458,6,1,568,291,499,227,23,17,16,11,2,5,18,27,3,,10,5,full_time
l1_championship_match_73366,2025,2026-04-05,28,Clément TURPIN,STADE LOUIS-II,10495,AS Monaco,OM,2,1,3421,3412,49,51,7,19,3,9,3,5,1,5,,8,14,9,2,2,,,1.577,2.23,2,4,409,441,342,369,20,11,12,8,7,1,24,14,3,4,7,6,full_time
l1_championship_match_73373,2025,2026-04-10,29,Stéphanie FRAPPART,ORANGE VÉLODROME,63923,OM,FC Metz,3,1,3421,4231,53,47,18,6,9,2,9,3,,1,7,4,12,8,1,2,,,3.558,0.482,3,,488,426,421,356,13,12,7,8,1,6,12,26,2,1,9,2,full_time
l1_championship_match_73375,2025,2026-04-10,29,Eric WATTELLIER,STADE JEAN BOUIN,16520,Paris FC,AS Monaco,4,1,4141,343,40,60,12,19,6,5,4,6,2,8,1,11,5,6,1,,,,2.625,2.312,1,3,330,616,247,526,16,16,12,7,4,2,41,12,3,1,9,16,full_time
l1_championship_match_73369,2025,2026-04-11,29,Willy DELAJOD,STADE DE L'ABBÉ-DESCHAMPS,17041,AJ Auxerre,FC Nantes,0,0,4231,4141,52,48,5,13,,4,3,7,2,2,3,2,20,15,,4,,,0.656,1.727,2,2,370,318,286,233,16,21,12,12,4,,24,23,2,3,21,23,full_time
l1_championship_match_73376,2025,2026-04-11,29,Mathieu VERNICE,ROAZHON PARK,26749,Rennes,Angers SCO,2,1,442,532,57,43,15,6,7,4,7,1,1,1,11,3,9,15,,2,,,1.222,1.117,4,1,571,382,500,313,13,15,6,8,3,6,20,33,,1,11,14,full_time
l1_championship_match_73372,2025,2026-04-12,29,Benoît BASTIEN,GROUPAMA STADIUM,43551,OL,FC Lorient,2,0,4141,3421,51,49,11,12,5,6,4,6,2,,4,6,17,14,4,1,,,1.225,1.868,,2,476,425,407,371,12,15,8,9,6,3,22,26,2,3,13,18,full_time
l1_championship_match_73374,2025,2026-04-12,29,Abdelatif KHERRADJI,ALLIANZ RIVIERA,19772,OGC Nice,Havre AC,1,1,352,3412,46,54,15,11,5,6,7,4,3,1,5,2,20,14,1,1,,,2.631,1.764,4,1,332,402,246,323,19,15,11,7,4,4,11,21,5,3,18,17,full_time
l1_championship_match_73377,2025,2026-04-12,29,Hakim BEN EL HADJ,STADIUM,24568,Toulouse FC,LOSC,0,4,3421,4231,40,60,9,14,1,8,3,2,5,4,4,2,13,12,2,,1,,0.99,2.543,,3,371,645,306,583,13,18,3,11,5,1,12,11,1,2,10,7,full_time
l1_championship_match_73370,2025,2026-05-13,29,Benoît MILLOT,STADE FRANCIS-LE BLÉ,14539,Brest,Strasbourg,1,2,4231,4231,48,52,21,10,6,5,7,2,8,3,5,4,10,11,,1,,,3.057,2.021,2,4,468,524,389,444,21,13,13,4,2,5,23,23,5,,10,11,full_time
l1_championship_match_73371,2025,2026-05-13,29,Benoît BASTIEN,STADE BOLLAERT-DELELIS,38139,RC Lens,PSG,0,2,3421,433,39,61,25,10,10,3,11,3,4,4,6,3,9,3,,1,,,2.899,1.215,3,1,419,716,333,631,22,21,14,13,1,8,8,30,6,1,11,8,full_time
l1_championship_match_73379,2025,2026-04-17,30,Jérémie PIGNARD,STADE BOLLAERT-DELELIS,37351,RC Lens,Toulouse FC,3,2,3421,3421,69,31,41,5,13,2,18,1,10,2,14,1,9,15,1,1,,1,3.781,0.405,2,,596,176,531,111,21,15,16,6,,10,12,58,4,,14,14,full_time
l1_championship_match_73378,2025,2026-04-18,30,Marc BOLLENGIER,STADE RAYMOND-KOPA,12660,Angers SCO,Havre AC,1,1,532,3412,45,55,11,16,5,8,3,5,3,3,4,3,15,20,1,3,,1,1.066,1.448,2,4,354,455,300,401,14,18,10,8,7,4,19,17,,2,5,19,full_time
l1_championship_match_73380,2025,2026-04-18,30,Bastien DECHEPY,DECATHLON ARENA – STADE PIERRE-MAUROY,40159,LOSC,OGC Nice,0,0,4231,541,58,42,9,5,2,1,3,3,4,1,5,3,9,10,3,1,,,0.55,0.435,1,3,590,375,518,297,14,20,5,6,1,2,14,33,,,13,6,full_time
l1_championship_match_73381,2025,2026-04-18,30,Eric WATTELLIER,STADE YVES-ALLAINMAT,16585,FC Lorient,OM,2,0,343,3421,45,55,11,16,4,2,6,13,1,1,1,7,6,10,,3,,,1.327,1.391,2,,382,485,318,426,18,11,9,6,2,3,35,14,1,3,6,14,full_time
l1_championship_match_73382,2025,2026-04-19,30,Jérémy STINAT,STADE SAINT-SYMPHORIEN,19409,FC Metz,Paris FC,1,3,4231,4231,52,48,13,15,6,7,3,7,4,1,6,5,9,8,2,2,,,1.011,1.742,1,1,504,488,438,410,16,12,11,7,4,4,12,25,1,1,8,7,full_time
l1_championship_match_73383,2025,2026-04-19,30,Thomas LEONARD,STADE LOUIS-II,8473,AS Monaco,AJ Auxerre,2,2,3421,4231,62,38,15,12,6,7,3,2,6,3,11,3,19,8,2,3,,,2.862,0.652,4,2,541,254,467,185,13,23,9,15,5,4,17,37,1,,6,14,full_time
l1_championship_match_73384,2025,2026-04-19,30,Guillaume PARADIS,STADE DE LA BEAUJOIRE-LOUIS FONTENEAU,24899,FC Nantes,Brest,1,1,4141,4231,46,54,17,4,4,2,4,2,9,,11,,13,17,2,2,,,0.918,0.418,2,4,301,415,235,341,12,16,7,13,1,3,20,33,,1,14,11,full_time
l1_championship_match_73385,2025,2026-04-19,30,Jérôme BRISARD,PARC DES PRINCES,47926,PSG,OL,1,2,433,4312,69,31,23,6,6,5,10,1,7,,13,5,10,8,5,1,,,3.117,0.616,,,793,245,734,179,12,19,6,14,3,4,11,44,5,1,16,8,full_time
l1_championship_match_73386,2025,2026-04-19,30,Ruddy BUQUET,STADE DE LA MEINAU,29000,Strasbourg,Rennes,0,3,4231,442,53,47,9,26,1,9,6,10,2,7,2,9,10,12,,1,,,1.001,4.25,6,,492,399,422,327,15,22,8,9,5,,24,15,1,3,6,6,full_time
l1_championship_match_73388,2025,2026-04-24,31,Stéphanie FRAPPART,STADE FRANCIS-LE BLÉ,14550,Brest,RC Lens,3,3,4141,3421,39,61,6,25,3,7,1,13,2,5,,6,7,11,3,3,,,0.249,2.856,1,3,338,594,252,513,12,17,10,9,4,,31,19,,4,19,12,full_time
l1_championship_match_73387,2025,2026-04-25,31,Jérémy STINAT,STADE RAYMOND-KOPA,14977,Angers SCO,PSG,0,3,532,433,32,68,6,17,1,10,3,5,2,2,5,4,9,3,,1,,1,0.912,2.82,6,1,321,819,263,767,24,8,16,6,6,1,12,22,2,2,7,6,full_time
l1_championship_match_73391,2025,2026-04-25,31,Ruddy BUQUET,GROUPAMA STADIUM,51440,OL,AJ Auxerre,3,2,4231,4231,52,48,12,9,6,2,5,2,1,5,6,3,11,15,1,2,,,2.134,0.52,,1,437,373,366,315,23,17,13,10,,3,18,30,,,11,8,full_time
l1_championship_match_73395,2025,2026-04-25,31,Clément TURPIN,STADIUM,24750,Toulouse FC,AS Monaco,2,2,3421,3421,51,49,18,8,5,5,8,3,5,,4,2,17,10,3,2,,,1.746,0.738,,,515,499,443,417,20,23,11,13,3,3,14,25,3,1,21,16,full_time
l1_championship_match_73389,2025,2026-04-26,31,François LETEXIER,STADE OCÉANE,19162,Havre AC,FC Metz,4,4,4231,352,47,53,14,12,5,5,2,5,7,2,6,4,12,12,3,1,,,1.993,1.579,3,1,348,392,287,338,28,18,16,13,1,1,19,19,1,,12,6,full_time
l1_championship_match_73390,2025,2026-04-26,31,Benoît MILLOT,STADE YVES-ALLAINMAT,15674,FC Lorient,Strasbourg,2,3,3421,4411,43,57,14,11,6,5,6,4,2,2,9,7,9,16,1,2,,,2.976,1.377,2,1,333,529,276,474,15,13,7,7,3,4,34,10,1,2,10,2,full_time
l1_championship_match_73392,2025,2026-04-26,31,Willy DELAJOD,ORANGE VÉLODROME,60021,OM,OGC Nice,1,1,3511,541,64,36,24,5,6,2,12,2,6,1,8,1,14,7,4,1,,,2.322,1.457,,2,655,302,573,220,15,14,10,7,1,5,10,28,4,2,11,8,full_time
l1_championship_match_73393,2025,2026-04-26,31,Mathieu VERNICE,STADE JEAN BOUIN,17243,Paris FC,LOSC,0,1,4231,4231,47,53,7,10,2,4,3,3,2,3,7,3,12,10,5,3,1,,1.178,1.706,4,1,419,491,345,418,17,17,10,10,3,2,18,16,2,1,11,5,full_time
l1_championship_match_73394,2025,2026-04-26,31,Benoît BASTIEN,ROAZHON PARK,27576,Rennes,FC Nantes,2,1,442,4231,59,41,14,24,5,8,4,6,5,10,6,8,15,15,3,2,,,1.695,2.258,5,1,466,260,393,185,11,25,8,19,6,3,29,23,2,4,15,16,full_time
l1_championship_match_73399,2025,2026-05-02,32,Ruddy BUQUET,STADE SAINT-SYMPHORIEN,24083,FC Metz,AS Monaco,1,2,4231,3421,40,60,13,15,1,3,10,7,2,5,5,9,10,15,,2,,,1.22,1.246,1,1,295,584,234,502,11,12,8,9,1,,34,22,1,1,10,11,full_time
l1_championship_match_73400,2025,2026-05-02,32,Jérémie PIGNARD,STADE DE LA BEAUJOIRE-LOUIS FONTENEAU,28308,FC Nantes,OM,3,0,4231,4231,45,55,17,16,6,8,6,4,5,4,7,8,12,11,1,3,,,3.752,1.356,2,1,327,454,260,386,22,23,15,13,8,2,25,21,3,2,10,8,full_time
l1_championship_match_73401,2025,2026-05-02,32,Thomas LEONARD,ALLIANZ RIVIERA,26514,OGC Nice,RC Lens,1,1,541,3421,48,52,9,16,2,4,2,6,5,6,7,8,11,10,2,3,,1,1.066,1.527,2,1,390,468,328,400,17,28,8,12,3,1,21,18,1,2,12,15,full_time
l1_championship_match_73403,2025,2026-05-02,32,Bastien DECHEPY,PARC DES PRINCES,47926,PSG,FC Lorient,2,2,433,3421,64,36,24,5,6,3,10,2,8,,12,2,9,7,1,1,,,2.419,0.958,1,2,619,291,565,234,13,11,13,7,1,4,5,19,3,1,8,3,full_time
l1_championship_match_73396,2025,2026-05-03,32,Eric WATTELLIER,STADE DE L'ABBÉ-DESCHAMPS,15745,AJ Auxerre,Angers SCO,3,1,433,4231,54,46,19,9,10,3,6,5,3,1,4,6,12,2,2,3,,1,2.065,2.197,2,,507,387,442,324,20,23,15,14,2,7,23,14,1,2,11,5,full_time
l1_championship_match_73397,2025,2026-05-03,32,Guillaume PARADIS,DECATHLON ARENA – STADE PIERRE-MAUROY,44378,LOSC,Havre AC,1,1,4231,4231,60,40,22,2,10,2,6,,6,,14,5,9,15,2,3,,,1.591,0.204,1,3,489,249,428,177,13,29,5,18,1,9,22,47,2,,13,10,full_time
l1_championship_match_73398,2025,2026-05-03,32,Clément TURPIN,GROUPAMA STADIUM,51460,OL,Rennes,4,2,4231,442,50,50,16,8,9,5,3,3,4,,7,5,10,14,,3,,,3.171,0.839,1,4,399,410,333,344,14,22,12,15,3,5,16,32,1,1,10,6,full_time
l1_championship_match_73402,2025,2026-05-03,32,Marc BOLLENGIER,STADE JEAN BOUIN,15318,Paris FC,Brest,4,0,4231,4141,51,49,17,10,8,1,5,6,4,3,7,3,10,8,2,1,,,1.876,0.789,2,2,434,411,366,345,18,13,10,8,1,4,18,26,2,1,9,13,full_time
l1_championship_match_73404,2025,2026-05-03,32,Gaël ANGOULA,STADE DE LA MEINAU,29000,Strasbourg,Toulouse FC,1,2,4411,3421,52,48,9,16,4,6,1,7,4,3,8,3,7,15,1,3,,,0.415,1.382,2,3,471,403,414,351,24,24,14,19,4,3,24,23,,1,5,7,full_time
l1_championship_match_73408,2025,2026-05-08,33,Mathieu VERNICE,STADE BOLLAERT-DELELIS,37824,RC Lens,FC Nantes,1,0,3421,3142,59,41,14,15,5,3,5,6,4,6,8,3,15,15,2,1,,,0.82,1.248,4,,467,260,380,182,12,16,10,6,3,4,31,21,1,1,19,18,full_time
l1_championship_match_73405,2025,2026-05-10,33,Hakim BEN EL HADJ,STADE RAYMOND-KOPA,0,Angers SCO,Strasbourg,1,1,3511,4231,36,64,11,15,4,6,6,7,1,2,,2,16,13,2,2,,,0.592,1.926,2,,269,616,190,552,20,18,9,8,5,3,24,16,,1,12,8,full_time
l1_championship_match_73406,2025,2026-05-10,33,François LETEXIER,STADE DE L'ABBÉ-DESCHAMPS,0,AJ Auxerre,OGC Nice,2,1,433,541,52,48,12,10,4,6,5,2,3,2,10,1,15,9,1,,,,0.719,1.257,,2,448,429,359,335,19,14,16,8,2,2,20,26,1,4,14,17,full_time
l1_championship_match_73407,2025,2026-05-10,33,Benoît BASTIEN,STADE OCÉANE,22201,Havre AC,OM,0,1,4231,4231,50,50,10,7,2,3,4,3,4,1,3,,20,22,4,2,,,1.205,1.119,4,3,386,392,309,316,21,22,16,13,2,2,9,26,1,,13,18,full_time
l1_championship_match_73409,2025,2026-05-10,33,Jérémy STINAT,STADE SAINT-SYMPHORIEN,0,FC Metz,FC Lorient,0,4,4231,3421,52,48,8,14,2,7,4,5,2,2,7,4,8,8,2,2,,,0.925,2.366,,2,516,465,464,399,9,10,6,9,3,2,11,31,1,1,7,6,full_time
l1_championship_match_73410,2025,2026-05-10,33,Clément TURPIN,STADE LOUIS-II,0,AS Monaco,LOSC,0,1,3421,4231,53,47,7,7,3,2,3,4,1,1,5,2,13,10,1,3,,,0.271,0.363,2,2,461,383,380,301,20,22,14,14,2,3,15,15,,1,8,12,full_time
l1_championship_match_73411,2025,2026-05-10,33,Jérôme BRISARD,PARC DES PRINCES,0,PSG,Brest,1,0,433,343,62,38,23,3,6,2,6,1,11,,13,2,5,12,,,,,1.252,0.164,3,3,687,339,609,269,12,16,10,8,2,5,17,38,1,,8,15,full_time
l1_championship_match_73412,2025,2026-05-10,33,Thomas LEONARD,ROAZHON PARK,0,Rennes,Paris FC,2,1,433,4231,50,50,14,11,5,1,8,5,1,5,8,2,13,11,,1,,,1.96,1.182,1,1,425,420,332,336,13,12,6,9,,3,23,39,2,2,22,13,full_time
l1_championship_match_73413,2025,2026-05-10,33,Bastien DECHEPY,STADIUM,0,Toulouse FC,OL,2,1,3421,4231,43,57,14,18,6,3,5,7,3,8,7,8,20,9,5,2,1,,1.113,1.524,,1,304,479,250,417,17,18,14,12,2,4,31,20,2,2,12,23,full_time
l1_championship_match_73414,2025,2026-05-17,34,Mathieu VERNICE,STADE FRANCIS-LE BLÉ,12742,Brest,Angers SCO,1,1,4231,352,55,45,18,8,5,2,10,4,3,2,6,3,9,8,1,1,,,1.571,0.733,,2,508,379,433,313,14,18,8,13,1,3,8,26,4,1,11,10,full_time
l1_championship_match_73415,2025,2026-05-17,34,Willy DELAJOD,DECATHLON ARENA – STADE PIERRE-MAUROY,47097,LOSC,AJ Auxerre,0,2,4231,4231,66,34,12,7,3,4,5,3,4,,4,2,9,16,3,2,,,2.155,1.026,3,2,617,233,548,157,16,16,11,11,2,3,11,28,3,1,10,10,full_time
l1_championship_match_73416,2025,2026-05-17,34,Clément TURPIN,STADE YVES-ALLAINMAT,12296,FC Lorient,Havre AC,0,2,3421,4231,57,43,12,7,2,4,5,3,5,,5,1,11,11,2,1,,,1.299,1.252,1,2,481,327,431,260,8,16,3,11,3,2,22,34,1,1,11,18,full_time
l1_championship_match_73417,2025,2026-05-17,34,François LETEXIER,GROUPAMA STADIUM,58227,OL,RC Lens,0,4,4312,3421,53,47,16,14,4,4,7,8,5,2,20,8,10,11,1,4,,,1.976,1.537,,,460,384,388,319,8,13,6,9,1,4,17,38,,2,14,17,full_time
l1_championship_match_73418,2025,2026-05-17,34,Ruddy BUQUET,ORANGE VÉLODROME,62124,OM,Rennes,3,1,4231,4141,48,52,27,27,11,6,9,14,7,7,4,11,11,10,3,1,,,3.008,2.491,2,2,399,463,329,394,18,17,17,8,4,8,47,25,6,2,7,14,full_time
l1_championship_match_73419,2025,2026-05-17,34,Stéphanie FRAPPART,STADE DE LA BEAUJOIRE-LOUIS FONTENEAU,,FC Nantes,Toulouse FC,,,,,,,,,,,,,,,,,,,,,,,,,,,,,,,,,,,,,,,,,,,preMatch
l1_championship_match_73420,2025,2026-05-17,34,Jérémie PIGNARD,ALLIANZ RIVIERA,22829,OGC Nice,FC Metz,0,0,3421,433,50,50,22,16,4,4,11,6,7,6,10,4,11,15,2,1,,,1.639,0.85,2,2,481,509,417,442,17,22,13,14,4,4,13,37,,,19,9,full_time
l1_championship_match_73421,2025,2026-05-17,34,Guillaume PARADIS,STADE JEAN BOUIN,19237,Paris FC,PSG,2,1,442,433,41,59,17,9,9,2,5,4,3,3,3,3,8,9,2,,,,2.235,0.614,7,2,395,682,336,615,25,19,17,10,1,7,16,6,1,,8,12,full_time
l1_championship_match_73422,2025,2026-05-17,34,Benoît BASTIEN,STADE DE LA MEINAU,30321,Strasbourg,AS Monaco,5,4,4231,3421,44,56,15,21,7,8,4,5,4,8,4,6,7,11,1,2,,,1.505,1.129,3,,384,568,319,491,12,14,4,11,6,2,32,10,1,,8,5,full_time
