match_id,season,date,round,referee,home_team,away_team,home_score,away_score,home_shots,away_shots,home_shots_on_target,away_shots_on_target,home_shots_off_target,away_shots_off_target,home_shots_blocked,away_shots_blocked,home_corners,away_corners,home_fouls,away_fouls,home_yellow,away_yellow,home_red,away_red,home_possession,away_possession,home_passes,away_passes,home_passes_accurate,away_passes_accurate,home_tackles,away_tackles,home_tackles_won,away_tackles_won,home_saves,away_saves,home_offsides,away_offsides,home_clearances,away_clearances,home_goals_conceded,away_goals_conceded,home_fouls_won,away_fouls_won,home_assists,away_assists,home_substitutions,away_substitutions,home_formation,away_formation,attendance,status
57cqnf434gebf2abw7dksgk5w,2025/26,2025-08-08,1,Rob Dieperink,Fortuna Sittard,Go Ahead Eagles,2,2,36,6,8,2,13,2,15,2,8,5,10,9,2,2,,,67,32,491,242,433,180,15,8,8,5,1,5,,1,20,43,2,2,9,9,1,1,4,5,4231,4231,8872,full_time
57xdrzoi7cd818f2gsxt7owlw,2025/26,2025-08-09,1,Danny Desmond Makkelie,N.E.C. Nijmegen,Excelsior Rotterdam,5,0,16,9,10,6,5,1,1,2,7,2,14,14,1,1,,,62,38,469,282,376,200,28,24,19,15,6,5,2,,19,21,,5,14,12,4,,5,5,3421,4231,12650,full_time
58ej0eo0n9s1chmphfmxqpi50,2025/26,2025-08-09,1,Allard Lindhout,Feyenoord,NAC Breda,2,0,20,7,4,,9,3,7,4,3,4,10,13,1,1,,,59,40,476,315,398,242,22,31,14,19,,2,1,,21,42,,2,13,9,,,5,4,4231,4231,47500,full_time
58vn9hrbfiklhgf6asotegpas,2025/26,2025-08-09,1,Marc Nagtegaal,sc Heerenveen,FC Volendam,1,1,18,6,6,3,6,2,6,1,9,2,8,9,1,1,,,57,42,463,347,392,277,14,7,9,4,2,5,2,2,19,40,1,1,9,7,1,1,3,5,4231,4231,23764,full_time
59cob2x6ey9g79e0ishugwwt0,2025/26,2025-08-09,1,Bas Nijhuis,PSV,Sparta Rotterdam,6,1,23,8,12,4,6,3,5,1,8,5,8,2,1,1,,,66,33,683,341,602,268,13,10,9,6,3,5,2,,17,27,1,6,2,8,6,1,5,3,433,4222,34300,full_time
59tymmdqax9kdonrjqfobtk44,2025/26,2025-08-10,1,Joey Kooij,PEC Zwolle,FC Twente,1,0,7,16,2,4,2,7,3,5,2,4,14,15,4,1,,,43,56,343,440,247,342,22,16,10,8,4,1,2,1,29,21,,1,15,14,1,,5,5,4231,4231,13789,full_time
5aazp220lt6s30vsy5jhc2o0k,2025/26,2025-08-10,1,Jannick van der Laan,Ajax,Telstar,2,0,15,18,7,5,4,6,4,7,8,10,9,12,,,,,62,37,612,362,550,303,21,14,11,8,5,5,1,2,21,19,,2,11,9,2,,4,5,433,3421,54665,full_time
5atola0wddisxe0n800isnd3o,2025/26,2025-08-10,1,Serdar Gözübüyük,AZ,FC Groningen,4,1,10,11,5,8,3,3,2,,6,1,11,12,2,2,,,50,49,406,388,312,311,24,14,14,8,6,2,1,,24,13,1,4,12,10,2,1,5,3,4231,4231,17935,full_time
5bapk0k20h5ps14jhajhiuq6s,2025/26,2025-08-10,1,Erwin Blank,FC Utrecht,Heracles Almelo,4,0,18,10,7,3,5,6,6,1,4,4,10,16,1,2,,,48,51,335,372,265,297,16,11,8,6,3,3,,,26,27,,4,15,10,3,,5,4,4231,4231,21875,full_time
5boqdw62g02lsq53eakhsddlg,2025/26,2025-08-15,2,Serdar Gözübüyük,Telstar,PEC Zwolle,0,2,11,10,5,3,3,4,3,3,7,,13,10,3,3,,,52,47,432,411,353,340,12,20,8,11,1,5,,3,10,39,2,,10,13,,2,5,5,3421,4231,5293,full_time
5c2hyac7kxb889j7bblnbqrro,2025/26,2025-08-16,2,Jeroen Manschot,FC Groningen,sc Heerenveen,2,1,8,16,5,5,3,7,,4,3,8,9,15,4,2,,,54,45,444,364,327,251,15,19,11,11,4,3,1,2,23,31,1,2,15,8,2,1,3,3,4231,4231,22525,full_time
5cgcrg3l8cp8syd0ifsn83itw,2025/26,2025-08-16,2,Dennis Johan Higler,Excelsior Rotterdam,Feyenoord,1,2,8,16,2,8,5,4,1,4,5,6,17,8,,2,,,47,52,412,466,319,379,16,18,10,9,5,1,1,,31,31,2,1,8,16,1,1,5,5,4231,4231,3845,full_time
5cu6yesie3rqqtyioyg963uac,2025/26,2025-08-16,2,Alex Bos,Heracles Almelo,N.E.C. Nijmegen,1,4,13,24,6,11,6,5,1,8,3,7,9,11,2,2,,,18,81,140,649,82,585,12,12,9,7,7,5,1,4,40,26,4,1,11,8,1,3,5,5,4231,343,11905,full_time
5d85nnr14c7ceg3mzfpag5lw4,2025/26,2025-08-17,2,Danny Desmond Makkelie,Go Ahead Eagles,Ajax,2,2,9,22,4,11,2,7,3,4,6,9,9,12,1,2,,,48,51,462,496,393,440,20,13,11,9,9,2,2,2,16,29,2,2,10,9,2,,4,5,4231,433,9997,full_time
5dm0vcwmrkt3505ps5ezgcvf8,2025/26,2025-08-17,2,Sander van der Eijk,FC Twente,PSV,0,2,19,15,4,4,6,7,9,4,8,6,10,12,1,2,,,50,49,442,453,332,372,17,15,13,12,3,4,1,3,14,51,2,,12,9,,1,4,3,4231,433,30000,full_time
5dzxnw9vgoedo176zurqvu3v8,2025/26,2025-08-17,2,Allard Lindhout,Sparta Rotterdam,FC Utrecht,2,1,15,20,5,5,3,7,7,8,5,6,9,11,1,3,,,44,55,402,479,313,414,22,14,11,6,4,3,,4,42,21,1,2,9,9,1,,4,5,433,4222,10040,full_time
5edxskn0d79dqh2tpuaflcems,2025/26,2025-08-17,2,Martijn Vos,FC Volendam,AZ,2,2,8,19,3,3,3,7,2,9,3,4,10,10,1,3,,,34,66,299,608,229,545,14,20,6,11,1,1,2,,22,20,2,2,10,10,1,2,6,5,4231,4231,6376,full_time
5erve1w0xtetou5iej6qt9hjo,2025/26,2025-08-17,2,Martin van den Kerkhof,NAC Breda,Fortuna Sittard,2,1,14,10,6,4,6,2,2,4,4,5,8,15,2,3,,,38,61,316,504,254,427,15,17,11,11,3,4,2,,40,13,1,2,15,8,1,1,2,5,4231,541,20012,full_time
5f5nv45h8uifzje7qunzteal0,2025/26,2025-08-23,3,Robin Hensgens,Go Ahead Eagles,Sparta Rotterdam,0,3,19,13,6,5,10,6,3,2,13,1,6,8,,2,,,67,32,554,274,486,207,5,13,4,9,2,5,3,1,11,45,3,,7,6,,3,5,3,4231,433,9997,full_time
5fjm3bo9pn9752bm1aye4kljo,2025/26,2025-08-23,3,Danny Desmond Makkelie,PSV,FC Groningen,4,2,23,17,7,6,7,4,9,7,6,4,11,11,,2,,,66,33,561,277,487,205,18,27,10,15,4,3,,1,19,24,2,4,11,11,2,1,5,4,433,4231,34800,full_time
5fzcgb3kudgb8lnrs35kexudw,2025/26,2025-08-23,3,Sander van der Eijk,Telstar,FC Volendam,2,2,18,10,9,6,6,1,3,3,4,6,10,11,3,,,,48,51,403,423,319,332,13,18,6,12,4,8,3,,40,31,2,2,11,8,2,2,5,5,3421,4231,5273,full_time
5gd97jixo0dnxvuhc27aeexas,2025/26,2025-08-24,3,Dennis Johan Higler,sc Heerenveen,FC Twente,1,2,18,9,3,5,6,3,9,1,8,4,10,19,1,4,,,55,45,474,405,388,305,12,23,11,15,3,2,3,1,20,29,2,1,19,10,1,1,4,4,4231,4231,21772,full_time
5h83lilwke58df9pj368jdg5w,2025/26,2025-08-24,3,Joey Kooij,FC Utrecht,Excelsior Rotterdam,4,1,16,12,10,4,2,5,4,3,7,5,6,15,,,,,49,50,408,410,333,338,13,13,7,8,3,5,1,1,25,16,1,4,12,6,4,,5,5,433,4231,21547,full_time
5hm392c3b29r6dtvtir636tjo,2025/26,2025-08-24,3,Bas Nijhuis,N.E.C. Nijmegen,NAC Breda,3,0,18,7,10,2,6,4,2,1,3,1,16,18,2,4,,,51,48,409,396,323,301,17,15,9,8,2,7,,3,16,25,,3,18,15,2,,5,5,343,4231,12650,full_time
5i6z6bv9jhjulx27752xzzgno,2025/26,2025-08-24,3,Marc Nagtegaal,Ajax,Heracles Almelo,2,0,27,4,10,,6,2,11,2,10,1,10,15,,2,,,65,34,647,337,581,257,12,13,7,8,,7,4,1,20,22,,2,15,7,1,,5,5,4231,4231,54683,full_time
5pkdcn31iawh3gdu4ue8bbqj8,2025/26,2025-09-17,3,Allard Lindhout,Feyenoord,Fortuna Sittard,2,0,19,5,5,,10,4,4,1,13,,11,9,,1,,,57,42,412,331,343,236,16,22,13,14,,3,3,2,16,40,,2,9,10,2,,5,5,433,532,47500,full_time
5gr5wulvb9bnhoga7m45m5lhw,2025/26,2025-09-24,3,Rob Dieperink,AZ,PEC Zwolle,2,2,28,8,9,4,13,1,6,3,9,1,12,10,1,2,,,65,34,588,317,511,236,13,8,8,4,3,7,1,,5,39,2,2,10,12,2,2,4,5,4231,433,17322,full_time
5iknvbt6ed264ttfi5nr9h1ck,2025/26,2025-08-29,4,Rob Dieperink,FC Groningen,Heracles Almelo,4,0,17,8,5,,4,7,8,1,6,3,13,12,2,1,,,50,49,354,352,275,255,16,19,11,12,,1,2,,29,33,,4,9,12,3,,5,2,4231,4231,22525,full_time
5iyhmrwgnpezjj1lca2e0mq6s,2025/26,2025-08-30,4,Alex Bos,FC Volendam,Ajax,1,1,11,13,4,4,4,8,3,1,2,7,12,15,2,3,,,31,68,294,645,226,576,19,5,13,3,3,3,1,2,32,23,1,1,15,11,1,1,5,5,4231,4231,6864,full_time
5jc7fkmab080ctki29bmqit5g,2025/26,2025-08-30,4,Allard Lindhout,sc Heerenveen,Go Ahead Eagles,2,2,19,11,5,5,6,2,8,4,3,7,9,12,3,1,,,56,43,484,368,399,286,15,12,11,5,3,3,,,35,32,2,2,11,9,1,1,2,5,4231,433,22771,full_time
5jq28sxu9yuj50vp7eapzj4t0,2025/26,2025-08-30,4,Robin Hensgens,PSV,Telstar,0,2,23,9,5,4,9,4,9,1,10,3,10,11,1,1,,,70,29,567,242,506,185,13,23,6,12,2,5,1,3,8,51,2,,11,10,,2,5,4,433,3421,34500,full_time
5k3vrz619hdu9nx4rnx6uim1g,2025/26,2025-08-30,4,Ingmar Oostrom,Excelsior Rotterdam,FC Twente,1,0,8,27,3,8,3,7,2,12,1,4,13,11,2,2,,,30,69,244,537,154,465,21,19,14,11,8,2,1,4,38,20,,1,11,13,1,,4,5,4231,4231,3608,full_time
5kht19imex48y3pc1h1vk721g,2025/26,2025-08-31,4,Erwin Blank,Fortuna Sittard,N.E.C. Nijmegen,3,2,10,14,5,5,3,3,2,6,3,4,16,8,4,1,,,38,61,280,445,174,351,19,12,14,8,3,2,3,1,56,25,2,3,6,16,2,1,5,3,4231,352,10573,full_time
5kvnru8yf9l7xszekgw5orcwk,2025/26,2025-08-31,4,Jannick van der Laan,PEC Zwolle,FC Utrecht,0,2,6,14,2,7,3,5,1,2,3,2,13,10,2,1,,,48,51,423,458,341,363,15,20,9,11,5,2,3,1,20,17,2,,10,13,,2,5,5,4231,433,13789,full_time
5lbdju4siehey9aud0tizww7o,2025/26,2025-08-31,4,Serdar Gözübüyük,Sparta Rotterdam,Feyenoord,0,4,7,24,2,11,3,7,2,6,1,9,5,9,1,2,,,37,62,296,479,217,417,15,11,7,6,7,2,2,2,31,26,4,,9,5,,1,5,5,433,4231,10599,full_time
5lpf3werwhjut54udo5h6hz4k,2025/26,2025-08-31,4,Jeroen Manschot,NAC Breda,AZ,0,1,11,25,6,8,2,10,3,7,1,7,8,13,,5,,,38,61,282,463,215,405,17,14,10,9,7,6,1,3,31,30,1,,11,8,,1,5,5,4231,4231,20215,full_time
5m3c89vkf3dnkj1va5decxzis,2025/26,2025-09-13,5,Sander van der Eijk,Ajax,PEC Zwolle,3,1,12,8,7,3,4,2,1,3,7,1,18,9,2,1,,,59,40,538,380,471,310,11,14,9,10,3,3,2,2,21,29,1,3,9,17,3,1,5,4,433,433,54081,full_time
5mh6gyvfdij4l8egsj0luvw2c,2025/26,2025-09-13,5,Serdar Gözübüyük,Go Ahead Eagles,FC Volendam,3,0,19,19,13,1,4,8,2,10,7,7,12,9,1,1,,,46,53,377,420,298,351,18,5,12,1,1,10,2,1,33,20,,3,8,12,1,,4,5,4231,4231,10003,full_time
5muy6i195slalm6t8mfhjkd1w,2025/26,2025-09-13,5,Danny Desmond Makkelie,N.E.C. Nijmegen,PSV,3,5,20,18,7,11,7,4,6,3,8,4,8,18,2,5,,,56,43,411,322,300,229,15,26,9,17,5,4,4,1,11,35,5,3,18,7,2,5,5,5,3412,3241,12650,full_time
5n8pmampktvvjacjdkzyclfkk,2025/26,2025-09-13,5,Alex Bos,FC Twente,NAC Breda,2,2,15,10,6,4,6,3,3,3,4,3,15,17,2,1,,,59,40,424,287,328,186,26,13,15,11,2,3,,3,28,46,2,2,16,15,1,2,4,5,4231,4231,29500,full_time
5nmo11hyztrgdf64g70kpyec4,2025/26,2025-09-13,5,Robin Hensgens,Feyenoord,sc Heerenveen,1,0,9,11,5,1,4,4,,6,6,3,10,11,2,,,,46,53,336,394,272,290,14,8,10,7,1,4,4,1,43,23,,1,11,9,1,,4,5,433,442,47500,full_time
5o0ogsfrrv2ixg8dy80f5e2ok,2025/26,2025-09-14,5,Jeroen Manschot,Excelsior Rotterdam,Sparta Rotterdam,0,1,17,19,4,7,4,5,9,7,7,2,11,8,2,1,,,53,47,440,392,342,298,10,23,5,14,6,4,1,1,23,44,1,,8,10,,1,5,4,4231,4231,4400,full_time
5oekegd4w3ild14auomfqn384,2025/26,2025-09-14,5,Marc Nagtegaal,FC Utrecht,FC Groningen,0,1,14,13,3,6,8,3,3,4,3,4,9,16,,4,,,45,55,353,448,257,344,11,22,6,15,5,3,1,,23,26,1,,16,9,,1,5,3,433,4231,22681,full_time
5osdbi31pgyw2detcdhlzxpg4,2025/26,2025-09-14,5,Bas Nijhuis,Heracles Almelo,AZ,1,2,19,25,6,8,10,9,3,8,6,9,11,11,1,5,,,51,48,399,375,335,319,20,18,10,8,6,5,,1,23,40,2,1,11,11,1,1,5,5,433,433,11964,full_time
5p6eg3gueu5bj372bb3b83vh0,2025/26,2025-09-14,5,Martijn Vos,Telstar,Fortuna Sittard,1,3,18,9,7,6,5,1,6,2,10,1,14,17,1,,,,56,43,467,373,384,290,14,17,11,10,3,4,2,1,10,35,3,1,15,14,1,2,5,5,3421,3142,5293,full_time
5pykabxbno48mzlhdo7aqho2c,2025/26,2025-09-19,6,Martin van den Kerkhof,Sparta Rotterdam,FC Twente,1,5,7,23,2,11,3,11,2,1,1,6,7,6,,1,,,45,54,374,460,305,399,12,15,4,10,6,1,2,,25,14,5,1,6,7,,3,3,5,433,433,10468,full_time
5qeex42m4g5fjnud4hvgerfo4,2025/26,2025-09-20,6,Marc Nagtegaal,FC Volendam,Excelsior Rotterdam,1,2,14,15,7,6,4,6,3,3,5,3,11,19,3,2,,,49,51,382,389,310,311,14,11,7,8,4,5,2,,28,15,2,1,19,11,,2,5,4,4231,4231,6471,full_time
5qsju506xkb3uzlx6ieqoymfo,2025/26,2025-09-20,6,Erwin Blank,FC Groningen,Telstar,2,0,16,7,6,3,7,4,3,,7,2,9,10,1,3,,,54,45,441,365,370,273,15,17,6,10,3,4,3,2,27,23,,2,10,8,1,,4,5,4231,3421,22525,full_time
5r6klm7a1szxc3tnga3ludpuc,2025/26,2025-09-20,6,Bas Nijhuis,Fortuna Sittard,FC Utrecht,1,0,7,14,3,5,4,4,,5,1,11,12,7,4,2,,,35,64,343,602,266,508,24,19,15,8,5,1,3,2,42,10,,1,7,12,,,5,5,4231,4231,10623,full_time
5rkn5fqj0s3nmcz5cbrd05mok,2025/26,2025-09-20,6,Dennis Johan Higler,NAC Breda,Heracles Almelo,2,1,17,14,4,5,7,7,6,2,10,4,9,16,1,2,,,62,37,505,304,431,232,9,13,5,8,4,2,,,16,55,1,2,16,8,1,,4,5,4231,433,20113,full_time
5ryrhsfqp8wz9scs1dgx417v8,2025/26,2025-09-21,6,Jeroen Manschot,PEC Zwolle,Go Ahead Eagles,0,2,8,20,1,9,6,8,1,3,3,7,5,8,1,2,,,28,71,245,626,162,555,10,9,7,8,7,1,1,,41,23,2,,8,4,,1,4,5,433,4231,14000,full_time
5sczh4lmg4j5af84v0cllslqs,2025/26,2025-09-21,6,Serdar Gözübüyük,PSV,Ajax,2,2,16,14,8,6,7,4,1,4,9,5,17,13,2,5,,,61,38,497,314,432,251,27,19,18,8,4,5,1,1,15,22,2,2,12,16,2,1,3,5,433,433,35700,full_time
5sr33srrxqg62vph8ea7j8qac,2025/26,2025-09-21,6,Jannick van der Laan,sc Heerenveen,N.E.C. Nijmegen,3,2,14,11,8,6,3,4,3,1,6,6,10,14,2,1,,,39,60,304,470,206,383,11,18,7,10,4,5,2,2,23,23,2,3,14,10,1,2,4,5,4231,3142,22411,full_time
5t57zmlqcosnvqccjpolef4es,2025/26,2025-09-21,6,Danny Desmond Makkelie,AZ,Feyenoord,3,3,9,19,5,3,4,5,,11,4,11,9,10,4,3,,,53,46,463,397,386,329,14,18,9,13,,2,1,,27,26,3,3,10,8,2,2,5,5,433,4231,18351,full_time
5tj9c052m3qrojh2c6o5c8glw,2025/26,2025-09-26,7,Danny Desmond Makkelie,FC Twente,Fortuna Sittard,3,2,18,8,10,4,4,2,4,2,4,5,14,13,1,2,,,55,44,491,396,381,292,16,17,9,10,3,8,,1,20,23,2,3,13,13,2,2,4,5,4231,4231,29500,full_time
5ubdlbm1ykvx9tv8vpamsmqz8,2025/26,2025-09-27,7,Marc Nagtegaal,Ajax,NAC Breda,2,1,12,17,7,7,3,5,2,5,3,7,11,14,2,2,,,50,49,452,434,372,345,20,18,15,12,6,4,2,3,41,14,1,2,14,10,1,,5,5,4231,4231,55865,full_time
5upgupu3n4173s6y6dk73urkk,2025/26,2025-09-27,7,Robin Hensgens,FC Volendam,PEC Zwolle,2,1,15,14,3,2,9,6,3,6,3,5,11,12,2,3,,,36,63,278,499,205,423,18,9,10,6,1,1,2,2,24,19,1,2,11,11,2,1,5,5,4231,4231,6667,full_time
5v3dv1cvw9e5ywkw7mat8z66s,2025/26,2025-09-27,7,Dennis Johan Higler,Excelsior Rotterdam,PSV,1,2,18,18,5,8,7,7,6,3,3,2,8,5,,,,,36,63,335,616,253,533,19,13,8,9,6,3,,1,25,34,2,1,5,8,,1,5,4,4231,433,4400,full_time
5wbid9xst2np4meahegdokv10,2025/26,2025-09-27,7,Serdar Gözübüyük,Heracles Almelo,Sparta Rotterdam,3,0,12,18,5,5,4,7,3,6,5,4,12,11,2,4,,,47,52,417,459,329,378,9,9,6,3,4,2,3,1,31,32,,3,11,12,3,,5,4,442,433,11842,full_time
5txbt9abivqkxop61m67kdtec,2025/26,2025-09-28,7,Bas Nijhuis,FC Groningen,Feyenoord,0,1,12,11,5,5,3,5,4,1,3,4,16,6,,2,,,47,52,397,446,325,361,16,21,7,11,4,5,3,2,22,35,1,,5,16,,1,5,5,442,4231,22525,full_time
5vj31s3l8jujm3kerd110glqs,2025/26,2025-09-28,7,Sander van der Eijk,N.E.C. Nijmegen,AZ,2,1,14,7,4,2,5,3,5,2,5,4,14,16,1,4,,,44,55,327,423,239,320,24,16,19,8,1,2,3,,29,30,1,2,15,10,2,,3,5,3142,4231,12650,full_time
5vx9mugpikmj401srcbkjei38,2025/26,2025-09-28,7,Alex Bos,FC Utrecht,sc Heerenveen,2,2,14,10,5,4,9,2,,4,5,3,14,12,2,2,,,51,48,448,423,374,341,15,16,9,10,2,2,1,,35,26,2,2,12,14,,2,5,4,4231,4231,23001,full_time
5wpgm30egyb1jdw157b879kb8,2025/26,2025-09-28,7,Ingmar Oostrom,Telstar,Go Ahead Eagles,4,2,20,14,9,5,5,5,6,4,8,3,13,9,2,,,,38,61,296,466,215,396,14,8,9,5,2,5,,4,31,22,2,4,8,13,2,2,5,5,3421,4231,5250,full_time
5x3l2j5e3lt5pgkvubyhauiac,2025/26,2025-10-03,8,Jannick van der Laan,NAC Breda,FC Groningen,1,2,11,14,4,9,3,2,4,3,7,6,16,14,3,1,,,60,39,523,339,422,265,15,19,9,9,7,3,3,3,23,26,2,1,14,15,1,1,5,4,4231,4231,20369,full_time
5xhmz6u4q8au0ufwanh8zdst0,2025/26,2025-10-04,8,Bas Nijhuis,Sparta Rotterdam,Ajax,3,3,14,17,5,4,5,7,4,6,6,4,8,9,1,3,,,32,67,271,576,206,510,24,14,17,12,1,2,1,1,45,19,3,3,7,8,,2,4,5,4231,433,10599,full_time
5xvs4fab0ln7xcg8uc2y35las,2025/26,2025-10-04,8,Ingmar Oostrom,Fortuna Sittard,FC Volendam,1,0,16,8,3,1,8,5,5,2,7,4,14,13,1,2,,,52,47,408,373,324,299,23,25,12,13,1,2,1,1,19,36,,1,13,14,1,,5,5,433,4231,10986,full_time
5y9wwf2gnnu3z3jnaben91250,2025/26,2025-10-04,8,Alex Bos,PEC Zwolle,PSV,0,4,4,18,,8,3,8,1,2,4,8,7,8,,3,,,27,72,273,741,211,672,14,16,6,13,4,,2,3,27,17,4,,7,6,,4,5,5,451,4231,14000,full_time
5yo1mnwmx64we59lwxjq0t1qs,2025/26,2025-10-04,8,Richard Wilhelmus Martens,sc Heerenveen,Excelsior Rotterdam,2,1,19,9,4,2,10,2,5,5,7,3,6,17,2,3,,,66,33,593,305,505,208,12,7,5,4,1,2,2,,17,45,1,2,17,5,1,,4,3,4231,4231,22298,full_time
5z20o8vxpngjqpnzic4kielg4,2025/26,2025-10-05,8,Allard Lindhout,FC Twente,Heracles Almelo,2,1,21,7,9,2,9,2,3,3,4,3,5,8,,2,,,58,41,505,347,418,269,18,23,11,13,1,7,,1,22,43,1,2,8,5,2,1,6,5,4231,4231,30000,full_time
5zfwulm2yzxqo6k2142mjnbpw,2025/26,2025-10-05,8,Jannick van der Laan,AZ,Telstar,2,1,28,14,10,5,8,5,10,4,6,4,7,13,3,2,,,59,40,462,316,387,238,13,23,8,10,4,7,,2,19,35,1,2,13,7,,1,5,5,4231,3421,18849,full_time
5ztvb676m1jmv5rx0y4axtb10,2025/26,2025-10-05,8,Jeroen Manschot,Feyenoord,FC Utrecht,3,2,22,10,10,4,6,4,6,2,12,3,7,10,1,,,,55,45,453,382,391,301,16,19,8,8,2,6,,1,20,24,2,3,10,7,2,2,3,5,433,4231,47500,full_time
60821f1r85d4kafoou8ykg178,2025/26,2025-10-05,8,Martijn Vos,Go Ahead Eagles,N.E.C. Nijmegen,1,1,8,17,3,7,3,5,2,5,11,4,13,18,1,3,,,53,46,372,347,296,274,11,18,8,16,7,1,,,32,42,1,1,18,12,1,,5,4,433,3412,10037,full_time
613vr7cufoxy1hgtvtk021fdg,2025/26,2025-10-18,9,Martin van den Kerkhof,FC Utrecht,FC Volendam,3,1,22,3,6,3,9,,7,,10,,12,13,1,1,,,58,41,482,357,422,295,12,27,7,18,3,4,,1,13,32,1,3,13,12,2,1,5,5,4231,4231,22303,full_time
61mozu55t71mv3rdn06g2kx04,2025/26,2025-10-18,9,Sander van der Eijk,PSV,Go Ahead Eagles,2,1,24,4,8,2,8,1,8,1,6,1,7,8,1,1,,,57,42,555,414,483,337,11,4,6,2,1,6,,2,23,26,1,2,7,7,1,,3,5,4231,433,35100,full_time
622a6vj4scm1tfvq7y6k33384,2025/26,2025-10-18,9,Jeroen Manschot,Ajax,AZ,0,2,17,13,6,3,7,4,4,6,5,4,13,19,4,2,,,61,38,549,349,480,281,23,14,12,8,1,6,3,1,10,21,2,,18,13,,,5,4,4231,433,54274,full_time
62iqciitcytczniofrlb6w5jo,2025/26,2025-10-18,9,Danny Desmond Makkelie,NAC Breda,PEC Zwolle,2,2,19,11,6,3,7,5,6,3,3,2,11,14,1,3,,,46,53,443,512,362,432,18,20,13,13,1,4,1,,25,29,2,2,14,11,1,2,5,5,4231,433,20075,full_time
6436wx3eeqvph521ys68rd1xw,2025/26,2025-10-18,9,Marc Nagtegaal,N.E.C. Nijmegen,FC Twente,3,3,8,10,4,3,1,5,3,2,3,3,15,21,2,3,,,60,39,409,272,339,197,14,18,8,9,,1,3,1,26,38,3,3,21,12,2,1,4,5,3142,4231,12650,full_time
60ps4ehpcxrbv93ly26vze32s,2025/26,2025-10-19,9,Rob Dieperink,Heracles Almelo,Feyenoord,0,7,4,19,,12,3,3,1,4,2,8,11,13,1,2,,,36,63,307,535,238,464,15,14,10,11,5,,,2,41,17,7,,13,11,,3,3,5,4231,433,11887,full_time
62ws5p6bcbxo44slwp077gcgk,2025/26,2025-10-19,9,Robin Hensgens,FC Groningen,Sparta Rotterdam,0,2,12,8,,2,7,5,5,1,7,4,11,10,3,2,,,60,39,495,327,404,250,21,14,13,11,,,2,1,11,49,2,,10,11,,1,5,5,4231,4231,22222,full_time
63ayu6fv001xmogl9pr7ltp90,2025/26,2025-10-19,9,Alex Bos,Excelsior Rotterdam,Fortuna Sittard,1,0,11,14,5,6,4,2,2,6,4,2,10,18,,3,,,50,49,409,407,311,308,17,18,10,7,5,4,1,5,34,25,,1,17,10,1,,4,5,4231,4231,4400,full_time
63p6aq0ckxhfzw7c44fagk6j8,2025/26,2025-10-19,9,Dennis Johan Higler,Telstar,sc Heerenveen,2,3,18,15,6,7,9,6,3,2,6,11,9,12,1,2,,,45,54,330,391,246,316,19,11,14,7,3,4,1,,35,43,3,2,12,6,1,2,5,3,3421,4231,5293,full_time
64krnrj1zihhyly0ofyo1faxg,2025/26,2025-10-24,10,Martin van den Kerkhof,sc Heerenveen,NAC Breda,3,3,10,11,4,4,3,4,3,3,4,5,10,10,1,,,,53,46,441,366,361,272,12,18,7,8,1,2,2,2,41,28,3,3,10,10,2,3,5,5,4231,442,23200,full_time
64yrqxp53w6gm0lm8aypt2ntg,2025/26,2025-10-25,10,Rob Dieperink,Fortuna Sittard,FC Groningen,1,2,9,16,3,10,5,3,1,3,7,7,14,9,3,1,,,57,42,408,317,304,225,19,12,18,7,8,2,1,2,24,27,2,1,9,14,1,2,5,3,433,4231,11553,full_time
65cudyvnju4dbmkfyzvccf8r8,2025/26,2025-10-25,10,Danny Desmond Makkelie,FC Volendam,Heracles Almelo,3,0,13,11,7,2,3,5,3,4,5,5,6,13,,1,,,56,43,466,357,404,274,15,16,6,11,1,4,1,2,26,19,,3,10,6,3,,5,1,4231,532,6823,full_time
65qt8styfilod1mgy6dopvevo,2025/26,2025-10-25,10,Joey Kooij,Sparta Rotterdam,Telstar,1,0,14,14,6,3,6,7,2,4,6,7,9,14,3,2,,,47,52,394,434,313,350,15,13,10,7,3,5,,1,45,21,,1,14,9,1,,3,6,4231,3421,10110,full_time
666j7lg8n55vtnlunmwadm1hw,2025/26,2025-10-25,10,Erwin Blank,PEC Zwolle,N.E.C. Nijmegen,2,2,10,11,6,3,3,4,1,4,3,4,11,12,,1,,,34,65,251,479,178,385,17,11,10,8,1,4,3,2,33,13,2,2,11,11,1,1,4,4,4231,3142,13953,full_time
66klj0fer56ig2oqpgcdi0iz8,2025/26,2025-10-26,10,Serdar Gözübüyük,FC Twente,Ajax,2,3,21,9,5,6,7,1,9,2,6,1,14,13,,2,,,61,38,577,364,501,292,18,20,9,11,3,3,1,1,20,25,3,2,12,14,1,3,5,4,4231,4231,30000,full_time
66z2a1a845ldbmtcs4xm029sk,2025/26,2025-10-26,10,Allard Lindhout,Feyenoord,PSV,2,3,12,11,6,6,4,2,2,3,3,5,7,13,,1,,,48,52,422,465,330,384,19,19,10,11,3,4,,1,16,33,3,2,11,6,1,2,5,5,433,4231,47500,full_time
67d2mm2j3ya82oufkd4z0b11w,2025/26,2025-10-26,10,Jannick van der Laan,Go Ahead Eagles,Excelsior Rotterdam,2,0,12,11,4,2,5,3,3,6,4,10,7,12,1,2,,,51,48,462,430,372,365,10,9,5,5,2,2,1,1,33,32,,2,11,7,1,,5,5,433,433,9927,full_time
67r8axkhddczzage174zfrz84,2025/26,2025-10-26,10,Bas Nijhuis,AZ,FC Utrecht,4,1,18,8,7,2,4,4,7,2,8,2,4,14,,1,,,49,50,489,479,405,388,13,17,6,13,1,3,,,24,18,1,4,14,3,4,1,5,5,4231,4231,18909,full_time
685cnubqk6uy9km7yqylss7pw,2025/26,2025-10-31,11,Bas Nijhuis,PSV,Fortuna Sittard,5,2,21,10,6,4,8,2,7,4,7,4,8,12,,4,,,62,37,625,377,557,309,13,21,7,11,2,1,4,1,13,15,2,5,12,7,5,2,5,5,4231,433,34500,full_time
68jkplr9q740wag72yfsiv0gk,2025/26,2025-11-01,11,Marc Nagtegaal,Feyenoord,FC Volendam,3,1,37,9,9,1,9,6,19,2,10,1,4,8,,,,,54,45,466,398,404,338,14,10,6,4,,6,3,,10,36,1,3,7,3,2,1,5,4,4231,4231,47500,full_time
68yxx9i6lvx221jgjhbefohlg,2025/26,2025-11-01,11,Dennis Johan Higler,NAC Breda,Go Ahead Eagles,1,0,8,7,2,2,6,1,,4,2,2,10,8,4,2,,,43,56,385,505,311,413,16,13,11,8,2,1,1,2,42,28,,1,7,10,1,,5,5,4231,4231,20146,full_time
69ha8lx58jaeyqa9qatn2ydck,2025/26,2025-11-01,11,Jannick van der Laan,Ajax,sc Heerenveen,1,1,9,17,2,7,4,5,3,5,5,4,6,16,,2,,,57,42,540,406,449,326,17,20,11,10,6,1,2,,22,22,1,1,15,6,1,,3,3,4231,4231,54283,full_time
69w6g6stanc9indca3ye2t1ck,2025/26,2025-11-01,11,Martin van den Kerkhof,Telstar,Excelsior Rotterdam,2,2,17,21,8,8,4,9,5,4,3,5,8,15,,2,,,45,54,343,404,256,326,9,9,5,3,6,6,3,,23,12,2,2,15,6,2,1,5,5,3421,433,5270,full_time
6aagt6shfofyekgbr0pv76yac,2025/26,2025-11-02,11,Ingmar Oostrom,Heracles Almelo,PEC Zwolle,8,2,24,7,11,4,9,1,4,2,4,2,16,11,,1,,,57,42,434,338,349,252,18,9,15,5,2,3,,,15,28,2,8,11,16,5,1,5,3,442,442,11433,full_time
6aonvzrq4k2fgfwevknang3ro,2025/26,2025-11-02,11,Joey Kooij,FC Groningen,FC Twente,1,1,18,10,7,4,8,3,3,3,7,3,7,12,2,4,,,54,45,478,404,409,324,20,17,9,10,3,5,2,1,22,24,1,1,11,5,,1,2,5,4231,4231,21953,full_time
6b2ov0df7fsv1zb7bn2129tzo,2025/26,2025-11-02,11,Danny Desmond Makkelie,Sparta Rotterdam,AZ,0,1,10,20,3,14,3,3,4,3,6,9,7,12,1,1,,,42,58,345,492,270,409,17,13,11,8,13,3,2,2,23,23,1,,11,6,,1,5,3,4231,433,10290,full_time
6bigesjdmyfc8ps7hyu84njf8,2025/26,2025-11-02,11,Serdar Gözübüyük,FC Utrecht,N.E.C. Nijmegen,1,0,11,16,4,5,5,7,2,4,2,2,11,15,1,2,,,38,61,303,486,201,384,12,7,7,5,5,3,2,2,29,20,,1,10,11,1,,3,4,433,3421,23049,full_time
6bwgkzyafgv7sp1o1f4ww8mxg,2025/26,2025-11-07,12,Martijn Vos,FC Twente,Telstar,0,0,27,6,7,,8,2,12,4,10,2,13,4,2,2,,,66,33,627,321,553,245,14,10,10,6,,7,,4,15,44,,,4,13,,,5,4,433,3421,29500,full_time
6cb2vxr9dl8gb7r9bd75yre38,2025/26,2025-11-08,12,Rob Dieperink,Excelsior Rotterdam,Heracles Almelo,1,2,12,10,5,5,3,3,4,2,6,13,14,13,1,2,,,45,55,324,395,231,299,12,12,10,7,3,4,,1,36,28,2,1,12,13,1,2,5,4,433,442,4400,full_time
6cpqw3o14utrhj8gyb0w4xq1g,2025/26,2025-11-08,12,Richard Wilhelmus Martens,FC Volendam,NAC Breda,2,1,12,12,5,2,5,7,2,3,8,6,13,9,2,2,,,50,49,392,383,324,304,13,21,8,8,2,3,1,1,18,22,1,2,9,11,2,,5,5,4231,4231,6784,full_time
6d51ea4ndrpw3iuwkackibsb8,2025/26,2025-11-08,12,Jeroen Manschot,Fortuna Sittard,sc Heerenveen,2,0,10,18,5,8,5,4,,6,4,5,14,12,2,1,,,39,60,290,443,208,363,11,20,3,7,8,3,3,3,32,16,,2,11,13,,,5,4,4231,4231,10196,full_time
6dkm1vga98rohkf9c4zk5sz6c,2025/26,2025-11-08,12,Dennis Johan Higler,PEC Zwolle,Sparta Rotterdam,1,0,11,14,3,1,4,7,4,6,3,6,9,15,2,2,,,36,63,329,568,251,480,17,21,10,13,1,1,2,1,45,17,,1,15,9,1,,1,5,433,4231,13872,full_time
6ed5kg2remmkbu6snw1c0s4k4,2025/26,2025-11-09,12,Danny Desmond Makkelie,FC Utrecht,Ajax,2,1,16,10,6,4,6,3,4,3,6,4,15,10,1,,,,31,68,287,636,221,543,23,18,11,9,3,4,,1,38,23,1,2,9,14,2,1,4,5,4231,4231,22944,full_time
6fbqq2ubr43e4fpi1rglxdses,2025/26,2025-11-09,12,Serdar Gözübüyük,AZ,PSV,1,5,8,15,3,6,4,4,1,5,4,6,9,10,2,1,,,46,53,452,510,373,444,20,16,12,10,1,2,1,,14,15,5,1,10,9,1,4,5,5,4231,4231,19011,full_time
6g0i6zeaomzh33fdwh85v4o44,2025/26,2025-11-09,12,Allard Lindhout,N.E.C. Nijmegen,FC Groningen,2,0,13,10,5,4,7,4,1,2,9,3,6,13,1,1,,,55,44,394,325,300,234,28,27,22,11,4,2,1,,20,35,,2,13,5,2,,5,5,4231,4231,12650,full_time
6ghrsrc90and5s8kc2h9mucr8,2025/26,2025-11-09,12,Joey Kooij,Go Ahead Eagles,Feyenoord,2,1,9,21,5,6,3,6,1,9,4,7,7,10,2,1,,,39,60,356,536,272,452,6,8,4,5,5,3,1,1,37,19,1,2,10,6,1,,2,3,4231,4231,10116,full_time
6h0woo37np6ftm92avev5cufo,2025/26,2025-11-22,13,Joey Kooij,Ajax,Excelsior Rotterdam,1,2,15,8,5,4,4,3,6,1,9,2,4,13,2,1,,,64,35,631,360,555,285,22,19,13,14,2,4,2,,17,40,2,1,12,4,1,1,4,5,4231,4231,54484,full_time
6hv3u4uxpw4s2qm9zs76n728k,2025/26,2025-11-22,13,Stan Teuben,FC Volendam,FC Twente,1,1,11,18,4,6,4,9,3,3,4,4,5,12,,3,,,52,47,452,424,378,354,18,14,11,9,5,3,1,,18,21,1,1,12,5,1,1,5,3,4231,4231,6896,full_time
6iswhjkm3amvhi9mmjvu04104,2025/26,2025-11-22,13,Jeroen Manschot,Heracles Almelo,Go Ahead Eagles,4,2,22,6,12,4,7,,3,2,6,3,6,15,1,1,,,46,53,376,439,298,359,15,18,12,11,2,8,1,1,39,30,2,4,14,6,4,1,4,5,442,4231,11824,full_time
6j6y6li8ypg4zkzn4dyzcn2tw,2025/26,2025-11-22,13,Marc Nagtegaal,NAC Breda,PSV,0,1,16,9,3,4,10,4,3,1,6,5,11,15,2,1,,,47,52,358,423,273,348,20,22,8,14,3,3,,,13,28,1,,14,11,,1,5,4,532,4231,20299,full_time
6jz5tuevkvz2dddk4eeefjnro,2025/26,2025-11-22,13,Erwin Blank,Sparta Rotterdam,Fortuna Sittard,1,1,13,12,4,7,5,2,4,3,7,5,9,11,1,1,,,60,39,542,354,448,277,20,15,12,10,6,3,,3,28,32,1,1,11,9,1,,4,5,4231,4231,9500,full_time
6hgpwvcb9n0lb00msm45byz9w,2025/26,2025-11-23,13,Alex Bos,FC Groningen,PEC Zwolle,2,2,39,5,13,3,10,2,16,,13,,11,9,1,1,,,64,35,562,329,463,244,16,21,10,10,1,12,,2,9,62,2,2,9,11,2,2,5,5,4231,433,22271,full_time
6iedoj0heq35hhod1zgesvj10,2025/26,2025-11-23,13,Bas Nijhuis,Feyenoord,N.E.C. Nijmegen,2,4,19,22,5,12,9,5,5,5,7,6,8,13,1,1,,,54,45,424,350,347,274,24,15,11,9,8,3,,6,15,28,4,2,10,8,2,3,4,5,4231,3421,47500,full_time
6jl21dcqg9p41xzp2esv2og7o,2025/26,2025-11-23,13,Allard Lindhout,sc Heerenveen,AZ,3,1,21,9,9,5,6,3,6,1,8,5,9,4,1,,,,47,52,469,532,375,441,25,18,16,12,4,6,1,,21,21,1,3,4,9,3,1,3,5,4231,433,21285,full_time
6kd8stykdk7nnv0wskh0ayaz8,2025/26,2025-11-23,13,Robin Hensgens,Telstar,FC Utrecht,1,1,10,17,3,3,7,5,,9,1,9,10,10,2,2,,,42,58,368,493,292,399,16,15,10,11,2,1,3,,38,18,1,1,10,10,1,1,5,5,3421,433,4500,full_time
6n415iml8wvv7b4du8vo4tf6c,2025/26,2025-11-28,14,Stan Teuben,PEC Zwolle,sc Heerenveen,2,1,11,19,4,7,4,7,3,5,3,9,11,19,3,2,,,43,56,348,439,262,349,18,21,7,12,6,2,4,,45,19,1,2,19,11,1,1,4,5,433,4231,14000,full_time
6l5ltzvvk4fn2z9gyok9b3zmc,2025/26,2025-11-29,14,Serdar Gözübüyük,Excelsior Rotterdam,NAC Breda,1,0,6,22,2,3,4,13,,6,1,6,22,12,4,1,,,42,57,350,452,264,362,14,14,10,8,3,1,1,1,28,17,,1,10,22,,,4,5,4231,532,4600,full_time
6lxo3zvt4jelw6uh3yoe0xfro,2025/26,2025-11-29,14,Robin Hensgens,Fortuna Sittard,Heracles Almelo,1,1,23,6,5,3,12,3,6,,11,3,19,22,3,5,,,56,43,333,254,257,192,7,10,3,6,2,4,1,2,30,43,1,1,21,17,1,1,5,4,4231,442,10424,full_time
6mptlqzh53erdhhetiu1cecd0,2025/26,2025-11-29,14,Ingmar Oostrom,N.E.C. Nijmegen,Sparta Rotterdam,3,1,19,13,7,5,7,6,5,2,7,6,9,13,2,4,,,51,48,382,361,293,266,19,12,11,9,6,3,,,30,30,1,3,13,8,2,1,4,5,3412,4231,12650,full_time
6ljqfzivnhri0h337o0fjpl3o,2025/26,2025-11-30,14,Jeroen Manschot,FC Twente,AZ,1,0,7,7,2,1,3,4,2,2,2,3,13,9,3,4,,,50,49,447,431,354,349,17,17,10,6,1,2,3,3,25,23,,1,8,13,1,,5,4,4231,433,29700,full_time
6mbqrlz36ofzb5raqhyfxmivo,2025/26,2025-11-30,14,Jannick van der Laan,Go Ahead Eagles,FC Utrecht,2,2,11,17,6,8,3,5,2,4,4,3,9,12,2,2,,,59,40,529,366,434,280,13,14,9,6,6,4,2,1,20,29,2,2,12,8,2,2,4,5,4231,433,9943,full_time
6njr4bvx1f977sq417lampxxw,2025/26,2025-11-30,14,Martin van den Kerkhof,PSV,FC Volendam,3,0,19,10,8,2,6,8,5,,5,2,12,4,,,,,62,37,642,397,586,326,21,22,10,14,2,5,3,1,8,26,,3,3,12,3,,5,5,442,442,34700,full_time
6nxqse6dlpue18acfatwha7mc,2025/26,2025-11-30,14,Sander van der Eijk,Telstar,Feyenoord,1,2,12,11,2,7,8,1,2,3,3,6,8,8,,3,,,48,51,438,472,349,391,21,26,12,17,6,1,1,,30,34,2,1,8,8,1,2,5,5,3421,4141,5243,full_time
6krfcxyzutwiuyj0p3amv3y1g,2025/26,2025-12-02,14,Bas Nijhuis,Ajax,FC Groningen,2,0,13,17,6,7,4,4,3,6,3,5,14,10,1,,,,48,51,508,535,438,460,9,12,4,9,7,3,,1,25,7,,2,10,14,2,,6,5,541,4231,0,full_time
6opvpcs1yeg0i3qdj6v01c8b8,2025/26,2025-12-05,15,Martijn Vos,Excelsior Rotterdam,FC Groningen,0,2,16,20,6,8,8,8,2,4,5,6,10,9,2,1,,,45,54,417,502,325,414,16,15,12,9,6,5,3,2,23,15,2,,8,10,,,5,5,4231,442,4400,full_time
6px0fd3nljivftg9tojnh5udw,2025/26,2025-12-06,15,Marc Nagtegaal,Feyenoord,PEC Zwolle,6,1,25,7,12,4,9,1,4,2,8,4,17,12,1,1,,,57,43,440,337,387,264,17,9,9,5,3,6,,2,15,19,1,6,12,15,5,1,5,4,4231,433,47500,full_time
6qb6tlvln880f23x9ezljask4,2025/26,2025-12-06,15,Sander van der Eijk,Fortuna Sittard,Ajax,1,3,26,13,7,4,13,4,6,5,4,4,13,9,3,2,,,36,63,295,552,225,470,15,13,11,12,3,6,1,,23,27,3,1,9,13,,1,5,5,541,433,11920,full_time
6qpgvrm6g8e9zt2s9ut7tvxuc,2025/26,2025-12-06,15,Danny Desmond Makkelie,Heracles Almelo,Telstar,1,1,15,11,6,2,3,5,6,4,6,6,15,12,3,2,,,46,53,330,396,244,317,24,14,16,10,1,5,1,,36,32,1,1,12,14,1,1,4,5,4231,3421,12046,full_time
6r3jyz2y99zjo3dscn6ok56vo,2025/26,2025-12-06,15,Serdar Gözübüyük,sc Heerenveen,PSV,0,2,12,11,3,7,8,3,1,1,7,3,13,5,1,,,,37,62,359,607,274,535,21,13,9,10,5,3,,2,23,17,2,,5,12,,2,4,3,4231,433,24372,full_time
6obugg29ta9kdknak9wzhg104,2025/26,2025-12-07,15,Erwin Blank,AZ,Go Ahead Eagles,2,2,23,12,7,7,8,3,8,2,11,4,8,8,2,1,,,48,51,410,433,329,348,19,12,12,8,4,6,,1,32,29,2,2,7,8,1,1,3,5,4231,4231,18205,full_time
6p405u74qtkdrxnx7bwat8yl0,2025/26,2025-12-07,15,Allard Lindhout,FC Utrecht,FC Twente,1,1,12,21,4,6,3,7,5,8,6,8,8,8,1,2,,,36,63,286,503,208,422,21,16,11,12,5,2,2,,38,21,1,1,7,8,,1,3,2,4231,4231,23045,full_time
6pi067vbsh8hqfv2eu9p1747o,2025/26,2025-12-07,15,Rob Dieperink,FC Volendam,N.E.C. Nijmegen,2,3,13,16,5,7,7,3,1,6,4,8,7,17,2,5,,,43,56,294,387,223,320,17,11,14,8,4,3,,2,28,21,3,2,13,7,1,3,4,4,433,3412,6788,full_time
6rhpibrz57qc009izmouxw104,2025/26,2025-12-07,15,Bas Nijhuis,Sparta Rotterdam,NAC Breda,1,0,12,22,6,9,4,10,2,3,1,14,11,10,1,1,,,41,58,349,468,275,380,25,16,16,9,8,4,4,2,42,13,,1,10,10,1,,5,5,4231,532,9741,full_time
6spp8i15fkn7qw4jpgy77f47o,2025/26,2025-12-13,16,Danny Desmond Makkelie,FC Groningen,FC Volendam,3,0,26,4,7,1,7,3,12,,18,1,7,11,,1,,,68,32,486,237,418,164,17,17,13,12,,3,2,2,13,34,,3,10,7,1,,5,5,4231,4231,22525,full_time
6twcv4upeposengmywqcfxr10,2025/26,2025-12-13,16,Jannick van der Laan,PEC Zwolle,Fortuna Sittard,1,0,8,11,3,3,3,7,2,1,2,12,17,13,3,3,,,35,64,289,505,207,414,20,11,16,8,4,2,1,1,35,17,,1,11,16,1,,2,5,433,4231,13753,full_time
6uafpxrecs6yf3p17gw54tkpg,2025/26,2025-12-13,16,Alex Bos,PSV,Heracles Almelo,4,3,21,11,6,6,9,3,6,2,10,4,12,7,2,4,,,65,34,549,284,487,216,10,16,8,9,3,2,,,14,30,3,4,6,11,2,2,3,5,433,4231,33800,full_time
6v2zfdgtf8cnef2g8b8wezf9w,2025/26,2025-12-13,16,Richard Wilhelmus Martens,Telstar,N.E.C. Nijmegen,2,2,10,16,4,8,1,2,5,6,5,7,8,11,,2,,,32,67,238,497,159,416,29,15,18,8,5,2,4,1,32,20,2,2,9,8,2,2,4,5,3421,3421,5293,full_time
6rvvphd39b7q6es8kjcuyrms4,2025/26,2025-12-14,16,Serdar Gözübüyük,Ajax,Feyenoord,2,0,15,18,7,1,5,10,3,7,3,12,12,12,2,1,,,42,57,404,520,336,446,20,9,9,5,1,4,2,,40,10,,2,9,11,2,,5,5,541,4231,47506,full_time
6t42muwfpm4a1bc1ujl5kkyz8,2025/26,2025-12-14,16,Joey Kooij,FC Twente,Go Ahead Eagles,2,0,23,6,7,2,10,2,6,2,3,6,7,9,,3,,,54,45,487,397,399,312,14,10,9,5,2,5,1,2,34,16,,2,9,7,1,,4,5,4231,4231,30000,full_time
6ti544h1obbibpn1vn7wcu978,2025/26,2025-12-14,16,Jeroen Manschot,NAC Breda,FC Utrecht,1,1,16,11,3,6,7,4,6,1,6,5,10,12,2,2,,,56,43,536,411,464,346,16,20,6,10,5,2,,,15,30,1,1,10,10,1,1,4,5,4231,4231,20108,full_time
6uonv5l4l609ouhqtka6opkwk,2025/26,2025-12-14,16,Robin Hensgens,Sparta Rotterdam,sc Heerenveen,0,3,11,20,3,5,6,6,2,9,5,10,10,15,1,2,,,52,47,429,387,335,289,23,10,10,6,3,3,1,1,21,24,3,,15,10,,2,4,5,4231,4231,10020,full_time
6sa2w3r3576ofi5g2x5ya5tec,2025/26,2026-01-21,16,Alex Bos,AZ,Excelsior Rotterdam,1,1,13,8,4,2,5,4,4,2,4,5,8,10,3,1,,,60,40,618,402,522,308,22,19,15,13,1,3,2,1,26,31,1,1,9,8,,1,5,5,4231,442,16997,full_time
6vh2qwpt8r6t0ef81gzljwkd0,2025/26,2025-12-20,17,Sander van der Eijk,Excelsior Rotterdam,PEC Zwolle,2,1,13,9,4,3,7,4,2,2,3,1,13,7,1,1,,,48,51,453,488,359,399,17,7,11,4,3,2,2,2,21,13,1,2,7,13,2,1,3,4,4231,4231,4600,full_time
6xvucsp3400kmf5qeqmsn94ic,2025/26,2025-12-20,17,Martin van den Kerkhof,Heracles Almelo,sc Heerenveen,0,3,8,15,2,8,3,7,3,,4,4,12,9,1,1,,,41,58,349,501,273,414,12,13,8,5,5,2,4,5,21,29,3,,8,12,,2,2,5,442,4231,11834,full_time
6y9xpghj05fejd5t0kqaujhn8,2025/26,2025-12-20,17,Allard Lindhout,N.E.C. Nijmegen,Ajax,2,2,14,19,5,8,5,6,4,5,1,7,8,8,3,3,,,39,60,339,522,264,440,15,9,9,4,6,4,3,1,16,25,2,2,8,8,1,2,4,4,3412,433,12650,full_time
6yo3dr4r5q3cdglyu2gy5skyc,2025/26,2025-12-20,17,Rob Dieperink,NAC Breda,Telstar,0,1,11,11,2,4,8,5,1,2,8,3,11,16,2,3,,,62,37,564,352,477,260,14,14,5,6,3,2,,1,17,33,1,,16,9,,1,5,4,4231,3421,19912,full_time
6vv3lqgty2l3t9vlw3f6i5ic4,2025/26,2025-12-21,17,Bas Nijhuis,FC Utrecht,PSV,1,2,17,14,3,8,9,3,5,3,2,12,7,14,3,3,,,42,57,357,497,285,419,16,18,9,11,6,2,2,1,30,28,2,1,14,7,1,2,1,4,442,4231,23121,full_time
6w96xrn20c2svum3bemj3nnkk,2025/26,2025-12-21,17,Jeroen Manschot,FC Volendam,Sparta Rotterdam,0,1,12,23,5,10,4,6,3,7,6,8,14,6,3,2,,,39,60,280,436,218,377,18,14,8,7,9,5,2,1,30,19,1,,6,13,,,5,5,4231,4231,6907,full_time
6wnh14wm9f9o0bsje7pqddixg,2025/26,2025-12-21,17,Dennis Johan Higler,Feyenoord,FC Twente,1,1,10,29,4,11,4,9,2,9,7,12,15,11,,,,,45,54,397,469,311,381,14,13,8,11,10,3,2,,33,18,1,1,11,15,1,1,4,4,4231,4231,47500,full_time
6x220nbuk28ycnfnndekj9o9g,2025/26,2025-12-21,17,Marc Nagtegaal,Fortuna Sittard,AZ,4,3,15,21,6,9,4,7,5,5,5,8,18,11,3,,,,34,66,243,465,163,409,30,11,18,7,5,3,2,,27,22,3,4,11,18,4,2,5,4,4231,4231,10440,full_time
6xg2zjg8krbi31i0owg52y5g4,2025/26,2025-12-21,17,Ingmar Oostrom,Go Ahead Eagles,FC Groningen,1,1,8,14,3,3,2,8,3,3,1,8,10,13,2,1,,,47,52,387,423,287,338,13,11,6,9,2,2,3,3,32,19,1,1,12,10,1,1,5,5,4231,4231,10037,full_time
6z25phue8l9ygbejsthsn73tg,2025/26,2026-01-10,18,Allard Lindhout,AZ,FC Volendam,1,0,17,7,8,2,5,4,4,1,7,2,10,9,,1,,,48,51,435,453,356,370,34,28,22,14,2,7,,3,24,17,,1,9,10,,,4,5,433,433,18202,full_time
6zggi255hpx00f6gwt0z6vd3o,2025/26,2026-01-10,18,Serdar Gözübüyük,FC Groningen,NAC Breda,0,0,16,10,5,2,8,5,3,3,3,4,7,6,1,2,,,55,44,481,393,388,296,12,16,6,8,2,5,1,1,26,36,,,6,7,,,4,5,442,3412,21991,full_time
6zupjj4i0xdoxi0clqb8npa1g,2025/26,2026-01-10,18,Robin Hensgens,FC Twente,PEC Zwolle,1,1,26,3,7,1,10,2,9,,7,2,6,11,1,3,,,64,35,585,326,498,238,16,27,9,16,,6,,1,22,50,1,1,11,6,1,,4,4,4231,4231,25700,full_time
71179igsjckn2rroc6vd4hjpw,2025/26,2026-01-10,18,Joey Kooij,PSV,Excelsior Rotterdam,5,1,16,8,8,3,3,5,5,,6,4,10,7,1,1,,,50,49,492,481,421,400,23,12,16,8,2,3,4,1,14,19,1,5,6,10,5,1,5,4,4231,4231,32000,full_time
708w3p9qrt3nauwy4lsa0ek9g,2025/26,2026-01-11,18,Alex Bos,Go Ahead Eagles,Fortuna Sittard,2,2,23,12,8,5,8,4,7,3,9,1,10,9,,1,,,62,38,545,338,476,261,7,8,1,6,3,6,2,,20,28,2,2,9,10,1,2,5,4,4231,541,9327,full_time
71h71g9t3v19bddnos37xd4pg,2025/26,2026-01-11,18,Sander van der Eijk,sc Heerenveen,Feyenoord,2,2,16,7,7,3,4,3,5,1,6,3,11,6,1,,,,56,43,560,428,464,340,18,12,11,8,1,5,,1,7,26,2,2,5,11,2,2,4,2,4231,442,22334,full_time
71v7rfp7hvrgepg943e4p17o4,2025/26,2026-01-11,18,Jannick van der Laan,Sparta Rotterdam,Heracles Almelo,2,0,22,6,9,2,5,3,8,1,9,5,6,16,1,3,,,50,49,400,383,332,303,18,13,9,9,2,7,2,1,26,27,,2,14,6,2,,4,5,4231,442,7048,full_time
729cfgqkrwj5bl4b4d7n0ejh0,2025/26,2026-01-11,18,Jeroen Manschot,Telstar,Ajax,2,3,7,16,3,10,1,2,3,4,8,3,6,6,1,1,,,35,64,332,643,250,566,21,13,9,7,7,2,5,,17,36,3,2,6,6,1,3,5,5,3421,4321,5290,full_time
70n1ffzzdkkbau48n9shs36z8,2025/26,2026-02-11,18,Danny Desmond Makkelie,N.E.C. Nijmegen,FC Utrecht,1,3,25,11,6,5,11,4,8,2,5,,6,16,3,2,,,75,25,648,219,545,120,8,18,6,11,2,5,,1,8,48,3,1,15,5,,3,5,4,3421,4231,12650,full_time
72nji92rvwchtky1rey1mhst0,2025/26,2026-01-17,19,Serdar Gözübüyük,Ajax,Go Ahead Eagles,2,2,18,10,6,6,8,4,4,,1,5,11,16,2,4,,,51,49,507,474,445,411,14,11,8,9,4,4,,2,27,20,2,2,16,10,2,2,5,4,433,4231,53979,full_time
735dj2nuh1odu6apxd4mt8cgk,2025/26,2026-01-17,19,Bas Nijhuis,Excelsior Rotterdam,Telstar,2,2,13,17,3,3,7,4,3,10,3,7,11,8,3,,,,61,38,504,317,410,219,8,12,5,8,2,1,1,2,23,37,2,2,8,11,,1,5,4,4231,3421,4600,full_time
74ces6v5hvv2abwepshsz9hxw,2025/26,2026-01-17,19,Jeroen Manschot,Fortuna Sittard,PSV,1,2,6,18,1,8,4,6,1,4,4,14,10,11,1,1,,,30,69,280,633,195,555,14,18,8,16,6,,2,1,45,18,2,1,10,10,1,2,5,3,4231,4231,11787,full_time
754ksdbz0snxc864cstwmdiqc,2025/26,2026-01-17,19,Erwin Blank,NAC Breda,N.E.C. Nijmegen,3,4,14,11,5,8,6,1,3,2,2,3,13,15,3,1,,,45,54,322,396,226,307,25,13,12,9,4,2,3,3,31,22,4,3,15,13,3,3,4,4,4231,3412,20109,full_time
75inn4bj87qpp1jh4uemsrnys,2025/26,2026-01-17,19,Dennis Johan Higler,PEC Zwolle,AZ,3,1,12,12,5,4,5,5,2,3,3,7,12,14,1,2,,,47,52,388,429,310,339,19,20,15,12,3,2,2,2,33,14,1,3,14,12,3,,4,5,433,4231,13745,full_time
73jgsx3o6mnizpojjic4clnh0,2025/26,2026-01-18,19,Marc Nagtegaal,FC Volendam,FC Utrecht,2,1,7,16,3,5,2,6,2,5,1,6,14,14,3,3,,,45,54,380,441,301,366,16,22,11,12,5,1,4,,20,22,1,2,14,14,2,1,3,5,4231,4411,6921,full_time
73xnlru0jnswcc1uiv2uv8opg,2025/26,2026-01-18,19,Danny Desmond Makkelie,Feyenoord,Sparta Rotterdam,3,4,22,13,12,5,5,5,5,3,9,,6,11,1,3,,,56,43,498,400,414,306,12,19,6,10,1,9,1,,23,41,4,3,11,5,3,3,4,4,4231,433,47500,full_time
74qituuzjbfe2v7l62ydire38,2025/26,2026-01-18,19,Sander van der Eijk,Heracles Almelo,FC Twente,0,2,11,18,2,6,7,5,2,7,4,2,12,14,2,4,,,48,51,376,412,305,319,15,20,10,14,4,2,4,,15,26,2,,14,11,,,4,4,442,4231,12274,full_time
75wxzfrusphw2yhtypovsvok4,2025/26,2026-01-18,19,Rob Dieperink,sc Heerenveen,FC Groningen,0,2,17,12,5,6,6,5,6,1,4,6,11,13,2,2,,,56,43,488,378,400,290,14,18,8,13,5,5,3,2,16,30,2,,12,11,,1,4,5,4231,4231,24105,full_time
76b3xcagqdntlzoqiyufukyl0,2025/26,2026-01-24,20,Jannick van der Laan,Ajax,FC Volendam,2,0,31,5,14,2,8,3,9,,10,,10,13,1,3,,,64,35,618,344,546,282,18,16,10,10,2,11,2,3,9,32,,2,13,10,2,,5,5,433,4231,54715,full_time
773c1n9v6voq1qwq0ifiqiwb8,2025/26,2026-01-24,20,Allard Lindhout,FC Twente,Excelsior Rotterdam,0,0,14,8,3,1,6,3,5,4,11,5,10,8,1,1,,,65,35,604,321,504,231,12,19,9,9,1,3,2,,23,36,,,8,9,,,5,6,4231,4231,29000,full_time
78pgu4cz1tg4l7cv1n3putfkk,2025/26,2026-01-24,20,Martin van den Kerkhof,N.E.C. Nijmegen,PEC Zwolle,2,1,13,11,2,6,7,2,4,3,10,6,7,12,1,2,,,45,54,353,443,253,338,13,20,9,14,4,,1,1,28,33,1,2,12,7,2,1,6,3,3412,433,12650,full_time
793t26u7bqcsa9w4ozqzgnrbo,2025/26,2026-01-24,20,Dennis Johan Higler,PSV,NAC Breda,2,2,16,6,4,2,9,3,3,1,10,4,13,13,4,3,,,73,27,666,248,574,172,13,13,8,9,,2,1,2,10,40,2,2,13,13,2,1,4,3,4231,532,34900,full_time
76p868dstib73rk6kaksuldlg,2025/26,2026-01-25,20,Ingmar Oostrom,FC Groningen,Fortuna Sittard,1,2,25,10,5,6,11,1,9,3,16,3,12,15,3,2,,,59,40,493,358,409,247,13,10,6,8,4,4,2,2,17,64,2,1,13,11,1,2,4,4,4231,3421,21597,full_time
77hev8fw5wkkzue30v9e68178,2025/26,2026-01-25,20,Erwin Blank,FC Utrecht,Sparta Rotterdam,0,1,22,5,5,3,12,1,5,1,10,,11,14,,4,,,58,41,496,370,406,278,13,13,8,5,2,6,2,,11,35,1,,14,11,,1,5,4,4231,4231,22543,full_time
77vl8ncgh0uhjfevroll4pz4k,2025/26,2026-01-25,20,Serdar Gözübüyük,Feyenoord,Heracles Almelo,4,2,16,7,8,3,3,3,5,1,8,1,12,17,2,2,,,66,33,535,283,467,199,14,23,6,13,1,4,3,,10,30,2,4,17,11,4,1,5,5,433,442,47500,full_time
79i1kvniqwu8l6oaqcybukp3o,2025/26,2026-01-25,20,Robin Hensgens,Telstar,AZ,0,1,10,12,3,4,6,6,1,2,5,1,13,16,1,2,,,48,51,367,402,279,300,16,27,11,14,3,3,3,,30,31,1,,14,13,,1,4,4,343,4231,5293,full_time
78bapdtttvzxi99blgyvs79xw,2025/26,2026-02-11,20,Robin Hensgens,Go Ahead Eagles,sc Heerenveen,1,3,13,19,6,10,4,2,3,7,8,4,8,14,1,,,,46,53,383,471,315,400,10,12,7,9,7,5,1,,20,32,3,1,14,8,1,2,5,3,4231,4231,8662,full_time
7bjdrp4ujz242esoy7w5co9hw,2025/26,2026-01-30,21,Joey Kooij,NAC Breda,FC Twente,2,2,20,18,10,9,5,3,5,6,8,4,7,10,1,1,,,62,37,533,320,416,220,17,11,9,7,7,7,1,,35,55,2,2,10,7,1,2,5,5,532,4231,20095,full_time
79w3i3eavw0jjfbif6l5s8mxg,2025/26,2026-01-31,21,Serdar Gözübüyük,AZ,N.E.C. Nijmegen,1,3,11,19,2,8,4,8,5,3,3,3,15,16,1,2,,,48,51,394,418,278,299,19,11,10,7,5,2,2,2,29,21,3,1,14,15,1,2,5,5,433,3421,19391,full_time
7bxmt3rpalw0alomuygnqwkk4,2025/26,2026-01-31,21,Alex Bos,PEC Zwolle,Telstar,4,1,16,14,9,8,4,4,3,2,6,9,11,16,,,,,57,42,466,334,374,239,17,20,14,11,7,5,2,,34,21,1,4,15,11,3,,5,5,433,3421,13910,full_time
7d3zgassdrv22e6ftphiswr9w,2025/26,2026-01-31,21,Sander van der Eijk,Sparta Rotterdam,FC Groningen,2,0,9,8,5,2,3,1,1,5,3,6,8,16,1,5,,,45,54,414,481,317,406,20,12,10,11,2,3,,3,35,23,,2,16,8,2,,4,5,4231,4231,10031,full_time
7aafr1o1n0rtbsco7yx907ndg,2025/26,2026-02-01,21,Marc Nagtegaal,Excelsior Rotterdam,Ajax,2,2,11,9,5,3,4,5,2,1,4,1,12,5,1,,,,48,51,443,487,356,396,12,15,6,11,1,3,3,2,17,18,2,2,4,12,2,2,4,4,4141,433,4500,full_time
7aqzv32kpb75d400qur2ezthw,2025/26,2026-02-01,21,Martijn Vos,FC Volendam,Go Ahead Eagles,1,1,20,13,5,5,6,3,9,5,6,5,7,16,4,4,,,61,38,504,315,433,230,8,16,6,9,5,4,1,1,33,38,1,1,16,7,1,,5,5,4231,4231,6570,full_time
7b565ks9ck6lu0ohky13olces,2025/26,2026-02-01,21,Richard Wilhelmus Martens,Heracles Almelo,Fortuna Sittard,2,1,11,12,7,6,3,4,1,2,4,5,17,14,2,3,,,46,53,367,425,265,324,11,14,4,10,5,5,1,2,21,34,1,2,12,14,1,1,5,4,3421,3421,11424,full_time
7cbtinv8t7r9z3obpz1qz7fo4,2025/26,2026-02-01,21,Allard Lindhout,PSV,Feyenoord,3,0,14,8,7,2,4,4,3,2,8,3,8,8,1,3,,,60,39,588,382,509,312,20,16,11,10,2,5,1,1,9,21,,3,8,7,2,,5,5,433,4231,35000,full_time
7cpwdd5csy0e6wq37c3qx5v6c,2025/26,2026-02-01,21,Jannick van der Laan,sc Heerenveen,FC Utrecht,1,1,19,11,3,4,8,4,8,3,5,6,11,10,1,2,,,59,40,603,399,531,322,14,16,11,6,3,2,1,,16,20,1,1,10,11,1,1,2,4,4231,4231,22555,full_time
7gaa0pswbudk6b72v4iu1drmc,2025/26,2026-02-06,22,Serdar Gözübüyük,NAC Breda,Excelsior Rotterdam,0,2,15,9,6,6,7,3,2,,8,3,6,15,2,2,,,48,51,411,442,289,340,10,11,7,7,4,6,2,,25,48,2,,14,6,,1,5,5,3412,4231,19922,full_time
7ebtdb8zfk3t1ko4hgtqsuh3o,2025/26,2026-02-07,22,Jeroen Manschot,FC Twente,sc Heerenveen,5,0,29,7,14,,8,5,7,2,7,,8,10,1,3,,,59,40,532,357,457,267,17,17,10,9,,9,1,1,18,25,,5,10,7,2,,5,5,4231,4231,29500,full_time
7f43is2bh1uc64pwrz59ac5qs,2025/26,2026-02-07,22,Alex Bos,Fortuna Sittard,Sparta Rotterdam,2,2,11,16,3,5,1,7,7,4,3,13,13,10,3,1,,,35,64,338,581,253,498,18,16,12,9,3,1,3,2,41,9,2,2,10,12,2,1,4,2,4231,4231,9647,full_time
7fwaqf63aely9cmr02ckzknbo,2025/26,2026-02-07,22,Joey Kooij,N.E.C. Nijmegen,Heracles Almelo,4,1,15,10,6,2,6,7,3,1,3,6,10,18,,2,,,68,31,496,229,431,159,17,21,8,14,1,2,1,2,15,26,1,4,17,10,3,1,5,2,3421,3421,12650,full_time
7goj13b7f8a4dk2wkjrzu4a38,2025/26,2026-02-07,22,Allard Lindhout,PEC Zwolle,FC Volendam,1,2,14,15,4,7,6,3,4,5,6,5,18,10,3,,,,57,42,427,315,346,219,16,20,9,7,5,3,3,4,32,23,2,1,9,17,1,2,5,4,4141,4231,13809,full_time
7djxw5jfu401par45t43p3oyc,2025/26,2026-02-08,22,Danny Desmond Makkelie,AZ,Ajax,1,1,14,12,6,2,3,6,5,4,2,4,11,12,3,,,,38,62,336,550,251,458,18,9,11,6,1,5,4,1,30,19,1,1,11,11,,1,4,5,4231,433,18736,full_time
7dxxv5a7mukalaj7fw9oka710,2025/26,2026-02-08,22,Marc Nagtegaal,FC Groningen,PSV,1,2,8,15,4,5,4,4,,6,6,11,8,9,1,1,,,36,63,317,560,226,485,20,14,13,9,3,3,1,3,31,33,2,1,9,8,,1,4,3,442,442,22525,full_time
7eq0rng12x7mxvfv17axra80k,2025/26,2026-02-08,22,Martin van den Kerkhof,FC Utrecht,Feyenoord,0,1,6,10,5,4,,4,1,2,2,8,12,14,1,4,,,46,53,415,477,310,386,12,15,6,10,3,5,1,,32,28,1,,13,11,,1,5,5,433,4231,22997,full_time
7fi58pksapwi8ved9euvyxxjo,2025/26,2026-02-08,22,Dennis Johan Higler,Go Ahead Eagles,Telstar,1,1,24,12,11,2,9,5,4,5,13,2,6,14,1,,,,57,42,387,303,318,215,13,14,6,12,1,10,1,1,25,49,1,1,14,6,1,,4,4,4231,343,8763,full_time
7i96t60s8vz4uizjgpgtt6m1g,2025/26,2026-02-13,23,Sander van der Eijk,FC Volendam,PSV,2,1,12,19,4,5,3,9,5,5,4,8,9,12,1,1,,,32,67,285,590,210,514,17,18,10,14,4,2,1,3,30,18,1,2,11,9,1,,5,3,4141,4231,6950,full_time
7h2n0281tbgxr7kt9undasefo,2025/26,2026-02-14,23,Rob Dieperink,Ajax,Fortuna Sittard,4,1,20,8,8,1,7,5,5,2,4,,11,10,,,,,55,44,575,464,523,395,18,26,7,21,1,4,1,2,15,18,1,4,9,9,4,,5,5,433,4231,54160,full_time
7hgq0xepkov826hhbrc3phqms,2025/26,2026-02-14,23,Erwin Blank,Excelsior Rotterdam,AZ,1,2,11,16,2,7,4,7,5,2,7,5,7,6,1,2,,,45,54,447,557,366,469,10,12,6,10,5,1,1,,18,19,2,1,6,6,,2,5,5,541,4231,4600,full_time
7huso0q1a8u7y1usosw51dyqc,2025/26,2026-02-14,23,Serdar Gözübüyük,FC Groningen,FC Utrecht,1,2,11,14,2,7,7,2,2,5,2,8,12,6,,1,,,48,52,423,452,340,370,24,20,11,10,5,1,2,3,32,21,2,1,6,12,1,1,5,4,442,4231,21976,full_time
7j389nmix3zrlzedj58u7y9zo,2025/26,2026-02-14,23,Danny Desmond Makkelie,Heracles Almelo,NAC Breda,0,1,14,13,3,5,6,4,5,4,4,3,12,12,,1,,,52,47,375,340,278,258,20,15,10,10,4,3,4,4,26,31,1,,10,11,,,4,4,3421,433,11789,full_time
7ip1l3ssxwmzvx9083pqgxclw,2025/26,2026-02-15,23,Marc Nagtegaal,Feyenoord,Go Ahead Eagles,1,0,33,4,8,,14,3,11,1,19,2,13,13,1,3,,,74,25,489,175,434,106,14,17,11,12,,7,,,13,53,,1,13,13,,,4,3,442,4231,47500,full_time
7jheifobckpdjxy3ivqars3ys,2025/26,2026-02-15,23,Ingmar Oostrom,sc Heerenveen,PEC Zwolle,4,2,11,12,5,6,3,3,3,3,2,5,8,6,1,,,,44,56,391,494,308,419,16,21,9,13,4,1,1,,28,32,2,4,6,8,4,2,3,5,4231,4231,22510,full_time
7k9w3m65wadfrmhd4teknwtuc,2025/26,2026-02-15,23,Stan Teuben,Telstar,FC Twente,1,1,14,20,4,7,6,3,4,10,3,6,11,8,1,1,,,46,53,429,478,329,385,23,20,11,12,6,3,3,3,44,30,1,1,8,10,1,1,5,4,3421,4231,5302,full_time
7jvmzht9xfcwko5szl1ucoutw,2025/26,2026-02-17,23,Jannick van der Laan,Sparta Rotterdam,N.E.C. Nijmegen,1,1,13,12,5,5,5,2,3,5,9,5,18,12,3,4,,,41,58,315,453,205,330,18,10,8,7,4,4,,3,31,22,1,1,12,17,1,1,2,5,4231,3421,9489,full_time
7mo6j5bp61udur38xyfp2ick4,2025/26,2026-02-20,24,Martin van den Kerkhof,Fortuna Sittard,Excelsior Rotterdam,2,1,16,10,6,4,6,5,4,1,5,3,7,15,1,1,,,45,54,393,464,306,373,13,9,4,4,3,4,,2,27,31,1,2,13,5,1,1,5,4,532,4141,9677,full_time
7ko7fr0kba6zr65pgfo1frbis,2025/26,2026-02-21,24,Jeroen Manschot,Ajax,N.E.C. Nijmegen,1,1,9,17,4,9,2,5,3,3,6,7,7,16,1,1,,,48,51,415,437,322,347,14,15,6,9,7,3,2,5,29,16,1,1,15,7,,,5,3,433,3421,53583,full_time
7nh5w2hen8koccyxx7cpc9fdg,2025/26,2026-02-21,24,Dennis Johan Higler,NAC Breda,FC Volendam,1,0,17,8,3,1,11,4,3,3,6,3,13,13,1,3,,,52,47,381,352,293,257,17,17,11,10,1,3,1,1,30,33,,1,13,12,1,,5,5,442,433,19986,full_time
7nxlktde4g5uy4we6vfcgk4yc,2025/26,2026-02-21,24,Rob Dieperink,PSV,sc Heerenveen,3,1,28,14,7,4,16,2,5,8,9,3,11,5,2,1,,,65,34,622,337,544,255,22,16,15,10,3,4,2,,17,19,1,3,5,11,3,1,5,4,4231,4231,34600,full_time
7l26pksjqsblso1kiipcf9990,2025/26,2026-02-22,24,Allard Lindhout,AZ,Sparta Rotterdam,3,1,11,12,5,4,4,5,2,3,2,7,9,12,2,2,,,45,54,372,437,279,352,26,19,13,13,3,2,1,1,39,28,1,3,11,8,3,1,5,4,532,4231,17776,full_time
7lg6owp5kb996cm917kd7jq50,2025/26,2026-02-22,24,Danny Desmond Makkelie,FC Twente,FC Groningen,2,1,6,11,4,3,,5,2,3,4,4,8,6,,2,,,48,51,448,477,343,400,17,18,9,8,2,2,1,2,21,33,1,2,6,7,1,1,5,5,433,442,29000,full_time
7lw0j9b9g8l95jaj8vab42kus,2025/26,2026-02-22,24,Robin Hensgens,FC Utrecht,PEC Zwolle,1,1,25,9,3,4,12,4,10,1,6,4,11,17,1,,,,53,46,439,398,343,306,23,23,11,12,3,2,1,3,16,33,1,1,17,11,1,1,4,2,4231,433,22550,full_time
7ma1z2lr75ah1hrn1pzp1j8d0,2025/26,2026-02-22,24,Sander van der Eijk,Feyenoord,Telstar,2,1,19,8,10,6,6,1,3,1,5,1,7,16,1,1,,,52,47,439,401,370,312,8,13,4,9,4,6,2,1,14,21,1,2,14,6,2,1,6,4,4231,3421,47500,full_time
7n2a42c6r59lhvnpc54cbt15g,2025/26,2026-02-22,24,Serdar Gözübüyük,Go Ahead Eagles,Heracles Almelo,4,0,12,9,6,2,5,6,1,1,4,5,7,13,1,3,,,50,49,420,403,348,334,13,18,10,10,2,2,,,29,26,,4,13,7,3,,5,3,4231,532,8851,full_time
7rk5rlo3ahw7cie1e8hs8vy1g,2025/26,2026-02-27,25,Serdar Gözübüyük,Telstar,NAC Breda,3,0,14,10,7,,3,7,4,3,10,4,11,13,1,4,,,62,37,456,271,371,188,19,10,10,4,,4,1,,24,37,,3,13,11,2,,5,4,343,352,5302,full_time
7pzuw2f85dwt1f2yknr0qi8lw,2025/26,2026-02-28,25,Erwin Blank,Heracles Almelo,PSV,1,3,15,24,3,15,8,6,4,3,3,5,15,14,2,1,,,38,62,323,540,250,470,15,16,9,7,12,2,,2,23,33,3,1,11,15,1,1,5,5,4231,4231,11564,full_time
7qdz704ly4lq17caj3x23ccno,2025/26,2026-02-28,25,Allard Lindhout,N.E.C. Nijmegen,Fortuna Sittard,2,3,15,13,4,9,3,4,8,,10,5,10,13,1,2,,,67,32,494,242,417,159,22,28,14,15,6,1,2,,15,57,3,2,13,10,,3,5,5,3412,4231,12650,full_time
7r5zzxeix1i8lizz6popqj6l0,2025/26,2026-02-28,25,Martijn Vos,sc Heerenveen,Sparta Rotterdam,2,1,16,13,4,3,3,6,9,4,5,6,11,5,3,2,,,44,55,427,520,337,443,12,11,9,6,4,2,1,3,36,26,1,2,4,11,,1,3,3,4231,4231,23265,full_time
7obkzv4lkrjxt8qs1pr5i4nis,2025/26,2026-03-01,25,Jannick van der Laan,Excelsior Rotterdam,Go Ahead Eagles,0,1,19,7,7,1,9,3,3,3,6,3,11,6,1,1,,,58,41,522,376,429,278,15,12,11,7,,7,2,1,19,44,1,,5,11,,1,5,5,3421,433,4600,full_time
7oqt0tbacvxu30xbfo1p41no4,2025/26,2026-03-01,25,Joey Kooij,FC Twente,Feyenoord,2,0,19,8,8,2,8,3,3,3,4,2,13,8,,,,,53,46,409,359,332,273,16,17,11,9,2,6,1,1,33,23,,2,6,13,2,,4,6,433,4231,30000,full_time
7p5os2scetvb98pfrc5f7oidw,2025/26,2026-03-01,25,Rob Dieperink,FC Utrecht,AZ,2,0,11,10,3,6,3,4,5,,5,4,13,13,1,3,,,41,58,342,488,257,404,21,25,11,13,6,1,2,,17,33,,2,12,12,,,4,5,4231,4231,22635,full_time
7pjvm9qnt3avjd67dfl8unhg4,2025/26,2026-03-01,25,Richard Wilhelmus Martens,FC Volendam,FC Groningen,3,2,12,28,4,9,6,13,2,6,2,10,8,13,2,2,,,48,51,355,369,275,286,17,9,12,4,6,1,1,2,31,14,2,3,13,8,1,2,5,5,433,442,6908,full_time
7qs31z89cdcsouplziyjb8idw,2025/26,2026-03-01,25,Sander van der Eijk,PEC Zwolle,Ajax,0,0,9,6,2,2,4,2,3,2,12,3,12,8,3,2,,,39,60,316,500,237,410,23,15,16,10,2,2,2,2,22,27,,,8,11,,,4,5,433,433,14000,full_time
7tkyggbmchwzg73ihnfr2hlp0,2025/26,2026-03-06,26,Jannick van der Laan,Heracles Almelo,FC Utrecht,0,0,10,16,3,3,7,9,,4,4,12,13,17,1,1,,,46,53,393,431,303,354,21,14,12,9,3,3,,1,25,17,,,14,13,,,5,4,4231,4231,11832,full_time
7rygu5pik78b890vs9o1ok2l0,2025/26,2026-03-07,26,Danny Desmond Makkelie,Excelsior Rotterdam,sc Heerenveen,1,2,21,10,5,5,5,3,11,2,6,8,4,7,1,1,,,51,48,396,393,296,301,18,14,9,8,3,4,1,1,19,51,2,1,6,4,,1,4,3,433,4231,4600,full_time
7scn8lyb1j19bel8w8dxilrtg,2025/26,2026-03-07,26,Serdar Gözübüyük,FC Groningen,Ajax,3,1,13,13,6,5,4,4,3,4,6,8,5,7,1,1,,,39,60,372,553,272,454,22,11,9,10,4,3,,2,27,22,1,3,7,5,3,1,6,6,442,433,22525,full_time
7uryb1c6q6qam2jhbocrzau50,2025/26,2026-03-07,26,Sander van der Eijk,PSV,AZ,2,1,19,13,8,5,7,1,4,7,5,6,7,4,2,1,,,63,36,580,336,513,255,15,16,9,9,4,7,,1,35,34,1,2,4,7,1,1,5,4,4231,541,35000,full_time
7sqraoo5fa7ht56ej5c1bv7dg,2025/26,2026-03-08,26,Joey Kooij,Fortuna Sittard,Telstar,1,4,21,14,4,9,7,4,10,1,3,5,8,17,1,1,,,58,41,392,279,312,197,26,23,14,16,5,3,,4,24,34,4,1,17,7,,3,5,5,4231,3421,11035,full_time
7t6wxc6n87bydhpcemidkmtck,2025/26,2026-03-08,26,Alex Bos,Go Ahead Eagles,FC Twente,1,4,15,11,7,5,4,2,4,4,6,5,8,8,1,,,,51,48,429,415,340,317,16,21,10,10,2,5,,,26,32,4,1,8,8,1,1,5,5,433,433,9370,full_time
7tz50vfh7qypjuoytln45hdzo,2025/26,2026-03-08,26,Marc Nagtegaal,N.E.C. Nijmegen,FC Volendam,3,0,27,7,11,3,6,4,10,,12,1,10,7,1,,,,56,43,452,354,364,261,25,18,17,15,3,8,1,,21,36,,3,7,10,2,,5,5,3421,4141,12230,full_time
7udb8gt0az2k0l6web4cuecr8,2025/26,2026-03-08,26,Jeroen Manschot,NAC Breda,Feyenoord,3,3,12,14,4,5,3,4,5,5,4,9,12,8,1,4,,,42,57,302,413,215,323,15,19,11,11,2,1,1,3,29,39,3,3,8,11,2,3,5,4,41212,433,20219,full_time
7v6a9fljffi5xbe2g2vds3das,2025/26,2026-03-08,26,Martin van den Kerkhof,Sparta Rotterdam,PEC Zwolle,1,1,20,15,7,6,9,8,4,1,6,3,7,10,3,1,,,50,49,406,416,318,335,17,19,11,13,5,6,,,20,43,1,1,9,7,,1,5,3,4231,4231,10320,full_time
7xxjodfuf48oydrhvyw30y7f8,2025/26,2026-03-13,27,Alex Bos,PEC Zwolle,FC Groningen,1,1,14,17,6,6,5,6,3,5,7,6,12,10,,3,,,50,49,405,402,310,299,31,10,17,6,5,5,1,1,31,16,1,1,9,12,,1,4,4,4231,442,14000,full_time
7vkfqeb0208aqwjvri63lukus,2025/26,2026-03-14,27,Rob Dieperink,Ajax,Sparta Rotterdam,4,0,22,8,10,1,8,6,4,1,5,3,8,17,,2,,,57,42,499,350,411,275,18,18,11,12,1,7,2,2,16,26,,4,17,7,3,,5,4,433,4231,48506,full_time
7wqzxboir2zgebtjxwmzfhmac,2025/26,2026-03-14,27,Danny Desmond Makkelie,FC Volendam,Fortuna Sittard,1,2,16,13,5,4,7,4,4,5,4,4,11,13,1,2,,,61,38,448,289,342,185,15,20,10,10,2,4,2,,21,37,2,1,12,10,1,2,5,5,433,4231,6556,full_time
7ydemaxnlwk62s7uiovu1uvx0,2025/26,2026-03-14,27,Joey Kooij,PSV,N.E.C. Nijmegen,2,3,12,17,6,6,4,5,2,6,7,7,8,12,,3,,,70,29,553,236,432,139,21,18,11,7,3,4,3,,25,52,3,2,11,8,2,2,4,3,4231,3421,35000,full_time
7yrdur7kuesc30rjz0u08p3is,2025/26,2026-03-14,27,Sander van der Eijk,sc Heerenveen,Telstar,3,0,12,20,9,6,3,7,,7,5,4,12,9,4,1,,,43,56,390,497,318,426,14,15,8,11,6,6,1,2,32,16,,3,9,12,2,,6,6,4231,343,24200,full_time
7vyp6c4e9ho7mc4n406ytvfo4,2025/26,2026-03-15,27,Robin Hensgens,AZ,Heracles Almelo,4,0,14,6,7,2,4,1,3,3,7,3,10,19,,4,,,52,47,425,396,343,311,21,22,15,14,2,3,3,1,22,23,,4,18,10,2,,5,4,433,4231,17809,full_time
7wcsvcscbqdxaqjro3vncxfro,2025/26,2026-03-15,27,Marc Nagtegaal,FC Twente,FC Utrecht,0,2,16,10,4,8,9,2,3,,4,5,7,10,1,3,,,61,38,543,338,441,238,16,16,9,8,6,3,,1,35,44,2,,10,7,,1,5,4,433,4231,30000,full_time
7x53rqarl1uhdvbru5fpu579w,2025/26,2026-03-15,27,Serdar Gözübüyük,Feyenoord,Excelsior Rotterdam,2,1,16,12,9,3,2,4,5,5,9,5,10,12,3,1,,,49,51,354,382,279,286,19,22,11,11,2,7,3,,33,27,1,2,12,10,2,1,5,5,4231,433,47500,full_time
7xj87bhyubwtj5oj16niftbf8,2025/26,2026-03-15,27,Allard Lindhout,Go Ahead Eagles,NAC Breda,6,0,11,20,6,3,4,6,1,11,3,9,8,3,,,,,44,55,355,424,283,329,9,16,4,10,3,,4,1,39,12,,6,3,8,5,,5,5,433,4132,9235,full_time
80q9vuqa1jfpzpb4jfnv2ojdg,2025/26,2026-03-20,28,Joey Kooij,Heracles Almelo,Excelsior Rotterdam,1,1,13,15,4,4,8,6,1,5,6,1,17,15,2,1,,,50,49,372,379,266,284,15,14,12,8,3,3,3,2,20,28,1,1,14,15,,1,5,5,4222,4141,11735,full_time
80c6cpxuzriv31csxmjvvt4b8,2025/26,2026-03-21,28,Ingmar Oostrom,Fortuna Sittard,FC Twente,1,2,11,9,5,2,4,5,2,2,7,6,6,15,2,,,,39,60,303,468,219,369,19,11,14,6,,4,4,2,30,15,2,1,15,6,1,2,5,4,4231,433,12052,full_time
81ilize2toxvl4rodarma7b4k,2025/26,2026-03-21,28,Erwin Blank,PEC Zwolle,NAC Breda,2,1,8,20,2,6,1,9,5,5,2,5,20,14,2,1,,,43,56,361,448,263,360,24,8,8,4,5,,,2,40,22,1,2,12,19,1,1,4,5,4231,4231,13881,full_time
81wmxpmw6padsidmibkl3ohlg,2025/26,2026-03-21,28,Edwin van de Graaf,Sparta Rotterdam,FC Volendam,2,0,16,8,9,3,4,,3,5,3,7,15,9,2,1,,,50,49,418,405,348,329,18,15,14,9,3,7,3,2,23,19,,2,9,14,2,,5,5,4231,4231,10111,full_time
7z5n7uly8is0lx0tinn5ej2ms,2025/26,2026-03-22,28,Martijn Vos,FC Groningen,AZ,3,0,14,16,5,7,4,4,5,5,2,7,16,8,1,1,,,46,53,400,454,321,378,17,22,8,12,7,1,1,2,29,14,,3,8,16,2,,4,5,442,4231,22219,full_time
7zjpjgua97aqtmgz2vau0scgk,2025/26,2026-03-22,28,Jeroen Manschot,FC Utrecht,Go Ahead Eagles,2,0,22,11,10,6,8,2,4,3,2,5,9,7,2,1,,,43,57,358,483,265,395,16,14,13,6,6,8,1,2,19,22,,2,7,9,2,,4,5,4231,4231,22938,full_time
7zxx4c64bsxovwlg8xfwrcsgk,2025/26,2026-03-22,28,Danny Desmond Makkelie,Feyenoord,Ajax,1,1,14,5,5,2,4,2,5,1,5,1,12,16,1,3,,,53,46,484,425,399,328,19,24,12,15,1,3,,,12,21,1,1,16,10,,,4,4,433,433,47500,full_time
814gbzs8mt3ojaufuewyia2ok,2025/26,2026-03-22,28,Martin van den Kerkhof,N.E.C. Nijmegen,sc Heerenveen,2,2,22,11,10,5,7,3,5,3,6,2,6,11,,,,,54,45,443,368,356,256,20,21,12,14,3,8,4,,28,40,2,2,11,6,1,2,4,5,3421,4231,12650,full_time
82b22eap8o5cz6u95q2ginac4,2025/26,2026-03-22,28,Marc Nagtegaal,Telstar,PSV,3,1,13,18,8,8,4,6,1,4,1,12,5,4,1,1,,,47,52,388,402,302,340,15,16,10,8,7,5,2,2,27,18,1,3,4,5,2,1,5,5,352,433,5302,full_time
82p9pjzimajwr5i0w5b729yqc,2025/26,2026-04-04,29,Sander van der Eijk,Ajax,FC Twente,1,2,10,16,2,7,4,5,4,4,2,2,14,10,4,2,,,50,49,506,484,425,408,14,17,7,11,3,1,,,18,18,2,1,10,14,1,2,4,5,433,433,53634,full_time
833fc31ptfimenyeero759ono,2025/26,2026-04-04,29,Richard Wilhelmus Martens,AZ,Fortuna Sittard,2,0,15,9,6,4,5,4,4,1,10,6,11,14,,3,,,54,45,454,372,374,263,14,13,10,8,4,4,3,2,28,23,,2,14,11,2,,5,5,343,4231,18349,full_time
83j8sr7e2x2o8rqiixawfuuqc,2025/26,2026-04-04,29,Alex Bos,Excelsior Rotterdam,N.E.C. Nijmegen,0,2,8,12,4,5,2,5,2,2,2,5,8,9,,,,,45,54,367,449,278,368,16,9,9,3,3,4,2,2,30,16,2,,8,8,,2,5,4,3421,3421,4600,full_time
853jo2zesdy9fy4vo9rq6bt3o,2025/26,2026-04-04,29,Serdar Gözübüyük,PSV,FC Utrecht,4,3,19,12,8,7,6,2,5,3,8,3,6,10,,1,,,63,36,537,298,469,212,16,19,5,14,4,4,1,,35,33,3,4,7,6,4,3,4,3,433,343,35000,full_time
85w63m5z9kqks55teifw1ld04,2025/26,2026-04-04,29,Jannick van der Laan,Telstar,FC Groningen,0,2,14,24,3,11,8,8,3,5,5,12,12,10,1,2,,,49,50,414,405,317,316,10,6,7,4,8,3,3,1,30,31,2,,8,12,,2,5,1,3421,4231,5302,full_time
83xapmkno59v6p1otb5y6cv10,2025/26,2026-04-05,29,Allard Lindhout,FC Volendam,Feyenoord,0,0,13,17,4,4,6,8,3,5,5,6,10,5,3,,,,44,55,353,437,261,351,32,11,17,8,4,4,,2,42,20,,,5,10,,,5,3,4231,4231,7035,full_time
84be47hu7q2cqi37xqbyvbo5w,2025/26,2026-04-05,29,Danny Desmond Makkelie,Go Ahead Eagles,PEC Zwolle,5,0,15,16,12,1,1,10,2,5,5,8,9,16,,1,,,52,47,390,357,283,277,12,19,8,12,1,6,1,,22,33,,5,15,9,5,,5,4,442,4141,9537,full_time
84pk0p0m9o3vlw5trdy05zh1w,2025/26,2026-04-05,29,Robin Hensgens,NAC Breda,Sparta Rotterdam,0,0,12,6,4,3,6,3,2,,11,3,12,19,1,3,,,55,44,435,349,354,282,17,17,10,11,3,4,,1,19,37,,,18,12,,,5,4,4231,4231,20122,full_time
85hn6dh31o8gvpdg9hn9pgahg,2025/26,2026-04-05,29,Ingmar Oostrom,sc Heerenveen,Heracles Almelo,4,1,24,7,14,4,4,3,6,,8,1,12,10,,2,,,65,34,584,296,511,235,9,18,6,14,3,11,1,1,16,21,1,4,10,11,1,,5,5,4231,4231,23878,full_time
872yx97toccq76f2ua25jqolw,2025/26,2026-04-10,30,Robin Hensgens,FC Twente,FC Volendam,2,1,23,8,9,4,6,1,8,3,7,1,8,6,1,1,,,57,42,532,383,447,299,17,17,14,13,3,7,2,,18,27,1,2,5,7,2,1,5,5,4231,4231,29700,full_time
86oo2rcypv4lyyisw1brya1w4,2025/26,2026-04-11,30,Joey Kooij,FC Groningen,Go Ahead Eagles,0,0,24,10,5,2,10,3,9,5,8,5,5,5,,,,,53,46,474,394,373,286,12,12,8,10,2,5,2,4,31,26,,,5,5,,,3,5,4231,4231,22252,full_time
87hsrf8bgo8tm3zdjw1fn9bmc,2025/26,2026-04-11,30,Danny Desmond Makkelie,FC Utrecht,Telstar,4,1,18,13,9,7,6,3,3,3,7,5,9,5,2,1,,,40,59,296,444,234,378,14,20,9,17,6,5,2,,25,18,1,4,5,9,2,1,4,5,4231,3421,23011,full_time
88af0o114182zzszb1pp6mpsk,2025/26,2026-04-11,30,Martin van den Kerkhof,Heracles Almelo,Ajax,0,3,14,18,3,6,8,7,3,5,7,5,10,4,2,,,,40,60,308,496,250,431,28,26,17,9,3,3,1,2,17,26,3,,4,10,,3,5,4,4231,433,12103,full_time
89i4kngxrwzg6sy9mm51kxclw,2025/26,2026-04-11,30,Alex Bos,Sparta Rotterdam,PSV,0,2,9,18,4,5,3,8,2,5,2,5,6,12,1,6,,,38,61,355,571,280,505,16,16,8,12,3,4,,,25,21,2,,11,5,,2,5,5,4411,4231,10319,full_time
86aowl8c9f2c5ryxu8exag3ys,2025/26,2026-04-12,30,Marc Nagtegaal,AZ,sc Heerenveen,3,0,23,7,10,1,9,3,4,3,6,6,5,10,1,1,,,57,42,537,389,458,316,17,13,10,4,1,7,2,2,12,14,,3,9,5,2,,5,5,4231,4231,18554,full_time
87wc20fht6r6okerpna6ya2ok,2025/26,2026-04-12,30,Jeroen Manschot,Fortuna Sittard,NAC Breda,1,1,10,14,2,7,6,5,2,2,5,8,11,12,2,1,,,43,56,340,429,256,344,19,14,12,8,6,1,3,1,35,19,1,1,12,11,1,1,5,5,4231,4231,11135,full_time
88q7jq62gl1fpdu484k2ls55g,2025/26,2026-04-12,30,Serdar Gözübüyük,N.E.C. Nijmegen,Feyenoord,1,1,15,13,4,5,8,4,3,4,4,1,17,14,3,4,,,58,41,384,283,303,184,16,22,9,7,4,3,2,,14,29,1,1,12,17,1,1,5,5,3421,433,12650,full_time
8945d8bk6nom7ieodli7zkxlg,2025/26,2026-04-12,30,Martijn Vos,PEC Zwolle,Excelsior Rotterdam,2,2,15,16,5,3,5,8,5,5,5,2,10,13,,1,,,48,51,406,428,312,322,15,15,9,5,1,3,3,1,35,24,2,2,13,10,1,2,3,3,4231,541,13747,full_time
8d11a10lonx4psudg069s8glw,2025/26,2026-04-22,31,Erwin Blank,Telstar,Sparta Rotterdam,4,1,11,10,4,2,4,3,3,5,6,5,14,9,2,,,,46,53,363,426,283,349,10,18,9,11,1,,,2,15,37,1,4,8,14,4,1,5,2,3421,3412,5302,full_time
8b2gssk4dscumou5q673kskd0,2025/26,2026-04-23,31,Jeroen Manschot,Go Ahead Eagles,AZ,0,0,15,23,4,4,4,11,7,8,5,10,9,13,2,1,,,50,49,371,366,297,286,13,13,3,6,4,4,1,1,38,25,,,12,9,,,5,5,4141,343,9124,full_time
8c8vmz5usstaor82ttvorzfv8,2025/26,2026-04-23,31,Marc Nagtegaal,PSV,PEC Zwolle,6,1,17,6,11,4,1,,5,2,4,4,10,4,1,1,,,67,32,702,339,634,272,17,20,11,17,3,5,2,,11,27,1,6,4,10,4,,4,3,4231,4231,31200,full_time
8aace9yn4cd2aan918jh6jk0k,2025/26,2026-04-25,31,Joey Kooij,FC Twente,N.E.C. Nijmegen,1,1,13,20,8,6,1,7,4,7,3,9,6,16,1,2,,,49,50,391,382,271,293,21,8,11,6,5,6,2,1,36,26,1,1,14,6,1,1,5,3,4231,3412,30000,full_time
8aofqtwtj6x4vyx8q1gucuk9g,2025/26,2026-04-25,31,Danny Desmond Makkelie,Feyenoord,FC Groningen,3,1,10,10,4,2,2,6,4,2,3,3,10,15,,2,,,47,52,419,458,352,390,12,26,9,15,1,1,1,1,12,19,1,3,15,10,2,1,5,3,4231,4231,47500,full_time
8bulzubd6favp7sapgwqhpvro,2025/26,2026-04-25,31,Serdar Gözübüyük,NAC Breda,Ajax,0,2,21,8,3,6,10,1,8,1,11,2,6,11,,2,,,57,42,508,395,441,322,17,25,12,14,4,3,1,,14,40,2,,10,6,,2,5,4,4231,433,20191,full_time
8cmwomad7hoqhnyr2v3iwzdas,2025/26,2026-04-25,31,Edwin van de Graaf,sc Heerenveen,Fortuna Sittard,2,1,15,16,5,7,5,7,5,2,7,,10,6,2,1,,,58,41,545,386,448,295,17,28,11,12,6,2,2,,26,25,1,2,5,10,2,1,3,5,4231,3421,25164,full_time
89w8j6ld6vjta4gyc476dk3ys,2025/26,2026-04-26,31,Sander van der Eijk,Excelsior Rotterdam,FC Utrecht,5,0,18,10,9,3,6,4,3,3,3,2,12,8,,1,,,59,40,532,358,459,276,14,17,10,12,3,4,3,1,15,19,,5,8,12,3,,5,5,433,4231,4600,full_time
8bgee4osbc1a60y2itj83ei38,2025/26,2026-04-26,31,Jannick van der Laan,Heracles Almelo,FC Volendam,0,2,14,18,4,7,5,4,5,7,5,9,17,11,1,,,,55,44,380,299,300,215,16,15,7,11,6,3,1,1,26,26,2,,11,17,,1,4,4,4231,4231,11864,full_time
8df6yxuom7asd0h84coe55udw,2025/26,2026-05-02,32,Allard Lindhout,Ajax,PSV,2,2,13,8,4,2,5,4,4,2,6,4,7,14,1,2,,,49,50,477,501,402,429,14,17,11,10,,2,1,,16,22,2,2,12,7,1,1,4,5,433,4231,54439,full_time
8e8zp2rs6k77of6tendldx4ic,2025/26,2026-05-02,32,Ingmar Oostrom,FC Groningen,Excelsior Rotterdam,2,3,12,18,5,9,3,5,4,4,5,8,5,10,,,,,55,44,456,366,364,268,16,9,9,4,5,3,2,2,32,21,3,2,10,5,2,3,4,5,4231,433,22525,full_time
8en8vych2dmcgiq4x7yxkiihg,2025/26,2026-05-02,32,Alex Bos,FC Utrecht,NAC Breda,2,0,28,9,11,1,10,7,7,1,8,4,12,13,,2,,,65,34,505,260,446,181,11,16,7,10,1,9,1,,28,24,,2,12,12,2,,6,6,433,442,23034,full_time
8fthqyd148qi2qulaanuqo93o,2025/26,2026-05-02,32,Jeroen Manschot,N.E.C. Nijmegen,Telstar,1,1,21,10,7,4,9,6,5,,9,,10,11,3,2,,,69,30,536,247,457,159,11,15,9,8,3,5,1,2,11,50,1,1,11,10,1,1,4,3,3412,3421,12650,full_time
8duzjuclronkz4izg5qufa6fo,2025/26,2026-05-03,32,Sander van der Eijk,AZ,FC Twente,2,2,18,9,4,2,7,3,7,4,4,3,9,14,,,,,58,41,544,385,459,300,18,22,12,10,2,1,,,18,36,2,2,13,8,1,1,4,5,4231,4231,19500,full_time
8f19eq3qgmgwvvbd364qfs00k,2025/26,2026-05-03,32,Serdar Gözübüyük,FC Volendam,sc Heerenveen,0,2,15,11,5,4,5,2,5,5,7,5,8,14,3,3,,,49,50,372,394,271,309,17,13,8,9,2,5,,1,16,32,2,,13,8,,2,5,4,4231,4231,6948,full_time
8ffde9xcgwr6yvr9obdj9smj8,2025/26,2026-05-03,32,Joey Kooij,Fortuna Sittard,Feyenoord,1,2,7,19,3,7,2,7,2,5,1,8,16,13,2,3,,,46,53,353,388,249,311,17,11,7,8,4,2,,1,32,30,2,1,10,15,1,1,4,5,4231,4231,12045,full_time
8g7lrofjeuf4lq9dyss6vhtec,2025/26,2026-05-03,32,Rob Dieperink,PEC Zwolle,Heracles Almelo,1,0,9,14,5,3,2,7,2,4,3,3,18,18,2,2,,,45,55,361,425,269,348,16,5,10,3,3,4,4,1,27,20,,1,18,18,1,,3,5,4231,4231,13749,full_time
8glmru7q58jd23xtp1qr6untg,2025/26,2026-05-03,32,Martijn Vos,Sparta Rotterdam,Go Ahead Eagles,2,2,25,16,3,5,16,7,6,4,6,8,11,9,1,3,,,47,53,381,432,317,362,16,9,13,6,3,1,,1,26,22,2,2,9,11,2,1,3,5,433,4231,10174,full_time
8gztoxpvmhg8v14kqd1pok5qs,2025/26,2026-05-10,33,Jeroen Manschot,Ajax,FC Utrecht,1,2,15,14,6,6,7,3,2,5,4,7,9,9,2,2,,,63,36,662,367,580,297,27,19,20,12,4,5,,,16,24,2,1,9,9,1,2,5,4,433,4231,53632,full_time
8hdy9uqkdvmt575xn6q5da7mc,2025/26,2026-05-10,33,Danny Desmond Makkelie,Excelsior Rotterdam,FC Volendam,1,1,8,8,2,2,2,3,4,3,5,,10,7,1,3,,,67,32,528,259,443,159,15,14,8,11,1,2,,1,36,20,1,1,6,10,,1,3,5,433,4231,4600,full_time
8hs78ce7zlrytc8zt1auco2dw,2025/26,2026-05-10,33,Alex Bos,FC Groningen,N.E.C. Nijmegen,2,1,11,12,7,3,2,4,2,5,5,6,16,12,2,1,,,49,50,357,361,256,265,12,12,7,6,1,5,6,4,35,39,1,2,12,16,2,1,3,5,4231,3412,22525,full_time
8i69z1frxkdx9w39pue9hqluc,2025/26,2026-05-10,33,Jannick van der Laan,FC Twente,Sparta Rotterdam,4,0,26,9,13,1,8,4,5,4,9,2,7,8,,2,,,57,43,511,385,430,311,14,24,11,13,1,9,3,,24,30,,4,8,7,2,,5,5,4231,4231,29600,full_time
8ikikn0lyoyem84vc9j30g178,2025/26,2026-05-10,33,Marc Nagtegaal,Feyenoord,AZ,1,1,10,13,5,3,5,5,,5,7,3,10,9,1,,,,40,60,361,569,285,498,22,16,13,15,2,4,1,1,17,24,1,1,9,10,1,1,5,4,4231,4231,47500,full_time
8j0nufb0aux0x9s5bniwwr2ms,2025/26,2026-05-10,33,Richard Wilhelmus Martens,Fortuna Sittard,PEC Zwolle,3,2,12,8,4,3,5,4,3,1,6,5,7,11,,1,,,45,54,385,455,313,376,11,18,7,9,1,1,2,1,16,24,2,3,11,6,1,2,4,4,4231,4231,10117,full_time
8jetanro57gz3uhqpctodso44,2025/26,2026-05-10,33,Martin van den Kerkhof,Go Ahead Eagles,PSV,1,4,11,24,4,10,4,8,3,6,8,4,9,7,,,,,40,59,307,463,243,412,16,15,10,6,6,3,2,1,30,31,4,1,6,9,,4,5,5,4231,4231,9306,full_time
8jt45dqf47m0zux2tc10lby1g,2025/26,2026-05-10,33,Sander van der Eijk,NAC Breda,sc Heerenveen,2,0,19,8,4,2,7,2,8,4,6,2,8,9,1,,,,49,50,312,332,238,256,16,16,13,9,3,2,,1,17,38,,2,7,8,,,3,4,3412,4231,19241,full_time
8k7770nncjegk823xt63b4nbo,2025/26,2026-05-10,33,Serdar Gözübüyük,Telstar,Heracles Almelo,3,0,12,7,7,1,2,5,3,1,6,7,12,12,1,3,,,46,53,287,322,209,261,11,4,8,3,1,3,2,,30,24,,3,12,12,2,,6,3,3421,4231,5142,full_time
8kliqfiojvqfwn5razaf1zcb8,2025/26,2026-05-17,34,Edwin van de Graaf,AZ,NAC Breda,3,3,16,17,10,11,4,4,2,2,7,6,11,6,1,1,,,54,45,430,355,367,300,18,19,11,13,7,7,1,3,15,37,3,3,6,10,3,3,5,5,4231,442,18460,full_time
8kzjuf4zj7eklhu7qq9bsl5as,2025/26,2026-05-17,34,Ingmar Oostrom,FC Utrecht,Fortuna Sittard,2,0,18,13,5,2,8,8,5,3,2,5,8,8,,1,,,57,42,487,354,421,282,14,16,10,8,2,3,3,1,28,19,,2,7,8,2,,5,5,4231,343,22651,full_time
8ldk4rhfymr7ai71f3y3i9clw,2025/26,2026-05-17,34,Marc Nagtegaal,FC Volendam,Telstar,1,2,17,7,8,2,2,2,7,3,7,,13,18,2,2,,,50,49,340,354,253,249,13,24,8,17,,7,1,1,29,35,2,1,17,12,1,1,5,4,433,343,7117,full_time
8lro9fg0ifg6vuvdvzb9dd72s,2025/26,2026-05-17,34,Richard Wilhelmus Martens,Heracles Almelo,FC Groningen,1,2,11,16,2,5,7,8,2,3,9,5,8,5,1,1,,,53,46,392,354,301,269,13,11,8,9,3,1,3,1,17,26,2,1,5,8,1,1,5,4,4231,442,11311,full_time
8m5pxoczr4920s4cc8k0qh3is,2025/26,2026-05-17,34,Sander van der Eijk,N.E.C. Nijmegen,Go Ahead Eagles,2,1,37,3,12,1,11,,14,2,13,4,12,8,1,2,,,57,42,401,303,328,229,16,15,10,9,,10,,,27,51,1,2,8,11,1,1,4,5,3421,4231,12650,full_time
8mjwetwger181g1fd0xfxej9w,2025/26,2026-05-17,34,Erwin Blank,PEC Zwolle,Feyenoord,0,2,7,22,1,8,5,10,1,4,2,12,11,11,,,,,49,50,432,432,348,358,13,12,9,6,6,1,,,22,13,2,,10,10,,2,2,5,4231,4231,14000,full_time
8my4tl92mnpqb8mxxp0n554b8,2025/26,2026-05-17,34,Jeroen Manschot,PSV,FC Twente,5,1,13,18,7,6,5,7,1,5,11,9,7,5,1,1,,,51,48,385,355,311,269,7,14,5,8,5,3,2,,20,17,1,5,4,7,4,1,5,5,4231,4231,35400,full_time
8nccu4ikrp52ucmzi1181xatw,2025/26,2026-05-17,34,Joey Kooij,sc Heerenveen,Ajax,0,0,16,23,6,6,6,11,4,6,10,6,9,8,,3,,,53,47,561,500,474,432,20,18,13,12,6,4,1,,24,40,,,8,8,,,4,4,4231,433,25450,full_time
8nqnb2to7ugjtw2f2z67gpfdg,2025/26,2026-05-17,34,Allard Lindhout,Sparta Rotterdam,Excelsior Rotterdam,2,3,18,16,5,4,6,9,7,3,5,2,11,15,4,,,,52,47,420,383,339,304,12,11,9,7,1,3,2,1,15,32,3,2,15,10,1,1,5,4,4231,433,10599,full_time
